id,first_name,last_name,email,gender,job_type,salary,bonus,company,city
1,Henry,Persich,hpersich0@rakuten.co.jp,Genderqueer,Junior Executive,9921,4211,Gabcube,Vigo
2,Briana,Pitchford,bpitchford1@virginia.edu,Female,Senior Developer,27245,4274,Devcast,Grimstad
3,Eulalie,Harteley,eharteley2@sphinn.com,Genderfluid,Chief Design Engineer,10268,4879,Feedspan,Qiaotou
4,Hyacinthia,Keoghane,hkeoghane3@msn.com,Female,Media Manager I,4988,4808,Yakitri,Ōdate
5,Lee,Plet,lplet4@flickr.com,Male,Geologist II,12690,4805,Jetwire,Anahawan
6,Stesha,Iacovone,siacovone5@theatlantic.com,Female,Recruiting Manager,8705,4613,Bubbletube,Candijay
7,Dur,Danbi,ddanbi6@europa.eu,Male,Executive Secretary,17837,4720,Photospace,Ramos West
8,Bartel,Lambarth,blambarth7@delicious.com,Male,Marketing Manager,14836,4617,Plambee,Bual
9,Blair,Sturt,bsturt8@cnet.com,Agender,Quality Control Specialist,28952,4372,Bluejam,Saint-Germain-en-Laye
10,Sada,Girone,sgirone9@w3.org,Female,Quality Engineer,9061,4116,Zava,Pashiya
11,Sandy,Prandin,sprandina@theatlantic.com,Female,Chemical Engineer,11223,4001,Bubblebox,Évreux
12,Cherilynn,Wheowall,cwheowallb@altervista.org,Genderfluid,Analyst Programmer,15578,4502,Browsetype,Tabuk
13,Nowell,Tabard,ntabardc@illinois.edu,Male,Mechanical Systems Engineer,6125,4906,Agimba,Sabóia
14,Sibyl,Rieme,sriemed@reuters.com,Male,Staff Accountant III,5349,4128,Quinu,Kolbuszowa
15,Edwina,Yurukhin,eyurukhine@si.edu,Female,Assistant Professor,3178,4152,Twitterbeat,Huichang
16,Minnnie,Benford,mbenfordf@cornell.edu,Female,Teacher,29294,4244,Voonder,Rungis
17,Jud,Pigram,jpigramg@wisc.edu,Male,Social Worker,7062,4945,Zoonoodle,Safi
18,Matty,Buttress,mbuttressh@oracle.com,Male,Programmer IV,27190,4004,Mydeo,La Suiza
19,Ricki,Benediktovich,rbenediktovichi@europa.eu,Female,Accountant III,2520,4300,Gabcube,Xiaohe
20,Cinderella,Moreinis,cmoreinisj@bbc.co.uk,Female,Senior Financial Analyst,29274,4179,Vinte,Topolná
21,Iggie,Quarrington,iquarringtonk@army.mil,Male,Compensation Analyst,13496,4950,Edgeify,Vienna
22,Doreen,Cutchie,dcutchiel@aol.com,Female,Librarian,17947,4726,Babbleblab,Daluo
23,Irv,Jeannot,ijeannotm@sciencedirect.com,Genderfluid,Senior Sales Associate,16895,4810,Wikido,Kawangohari
24,Gaven,Nassie,gnassien@amazon.com,Male,Information Systems Manager,17740,4774,Oyoloo,Cerrito
25,Tucky,Dyka,tdykao@fastcompany.com,Male,Geological Engineer,26525,4383,Zazio,Wansheng
26,Alvis,Barhims,abarhimsp@de.vu,Male,Executive Secretary,13513,4151,Trilith,Grimstad
27,Gabriele,Beastall,gbeastallq@reference.com,Genderfluid,Financial Analyst,6613,4132,Meedoo,Krosno
28,Trip,Harkins,tharkinsr@parallels.com,Male,Design Engineer,21174,4361,Edgewire,Rabah
29,Diandra,Brewins,dbrewinss@cargocollective.com,Female,Structural Analysis Engineer,24268,4137,Feedspan,Angoulême
30,Kath,Di Dello,kdidellot@jiathis.com,Female,Budget/Accounting Analyst II,28954,4135,Skippad,Solikamsk
31,Nikos,Inch,ninchu@eepurl.com,Male,Teacher,23043,4686,Rhyzio,Shigu
32,Lynde,Raccio,lracciov@cpanel.net,Female,Account Executive,5313,4756,Yata,Askim
33,Adrianna,Vynehall,avynehallw@nhs.uk,Female,Community Outreach Specialist,12867,4118,Thoughtworks,Alice
34,Fitzgerald,Galler,fgallerx@edublogs.org,Male,Web Developer III,24102,4128,Jaxspan,Qili
35,Kaiser,Shermar,kshermary@weibo.com,Male,Geologist II,9553,4429,JumpXS,Itu
36,Carrie,Edeler,cedelerz@china.com.cn,Female,Environmental Tech,7933,4874,Rhybox,Köyliö
37,Ingelbert,Locarno,ilocarno10@usatoday.com,Male,Sales Representative,12823,4519,Trunyx,Zhuangbu
38,Terese,Dulwitch,tdulwitch11@163.com,Female,Web Developer III,26654,4911,Oyoba,Yacheng
39,Jarrad,Whitemarsh,jwhitemarsh12@barnesandnoble.com,Male,Analog Circuit Design manager,25538,4963,Mymm,Al Jubayhah
40,Gerri,Danher,gdanher13@booking.com,Female,Director of Sales,3727,4845,InnoZ,Damanhūr
41,Carroll,Po,cpo14@miibeian.gov.cn,Bigender,Cost Accountant,23250,4799,Linklinks,Yanyang
42,Wye,Turtle,wturtle15@biblegateway.com,Genderqueer,Executive Secretary,18193,4956,Divanoodle,Vallehermoso
43,Alberik,Errington,aerrington16@amazon.com,Male,Assistant Manager,5588,4198,Zoombeat,Gongnong
44,Cahra,Lakenden,clakenden17@xinhuanet.com,Female,Biostatistician III,21542,4614,Eimbee,Khāsh
45,Kirk,Cust,kcust18@wp.com,Male,Structural Engineer,28416,4330,Photobug,Ash Shuqayrah
46,Theresa,McQuorkel,tmcquorkel19@creativecommons.org,Female,Administrative Assistant III,11378,4289,Fivespan,Luozhou
47,Reginauld,Simmans,rsimmans1a@nydailynews.com,Male,Marketing Manager,3979,4544,Yambee,Dukuhsia
48,Risa,Brocklebank,rbrocklebank1b@sakura.ne.jp,Female,Senior Editor,27571,4223,Jazzy,Baoshan
49,Kippie,St. Hill,ksthill1c@issuu.com,Male,Cost Accountant,28971,4737,Tekfly,Sindangsuka
50,Nickolas,Khoter,nkhoter1d@vk.com,Male,Marketing Assistant,26272,4473,Aimbu,Skövde
51,Zedekiah,Darthe,zdarthe1e@state.tx.us,Male,Compensation Analyst,15824,4497,Zoonder,Quimper
52,Brunhilda,Ladell,bladell1f@google.it,Genderfluid,Web Developer III,24868,4299,Divavu,Fatubia
53,Norby,Feldhorn,nfeldhorn1g@sogou.com,Male,Environmental Specialist,5983,4882,Skippad,Vidago
54,Bernarr,Condell,bcondell1h@xrea.com,Male,Statistician II,6073,4780,Twitterworks,Maria
55,Rakel,Feaver,rfeaver1i@businessinsider.com,Female,Graphic Designer,11220,4771,Trudeo,San Jose
56,Jocelyne,Belward,jbelward1j@elpais.com,Female,Recruiting Manager,21149,4460,Zazio,Klwów
57,Courtney,Cathel,ccathel1k@clickbank.net,Male,Electrical Engineer,5187,4980,Fivebridge,Barrancas
58,Giles,Houliston,ghouliston1l@japanpost.jp,Male,Systems Administrator II,12784,4325,Jayo,Obernai
59,Husein,Farquarson,hfarquarson1m@etsy.com,Male,Occupational Therapist,6923,4533,Fanoodle,Banjar Dukuh
60,Emery,Kinneir,ekinneir1n@shareasale.com,Male,Developer III,15344,4367,Babbleblab,Santa Helena de Goiás
61,Iorgos,Wilmore,iwilmore1o@amazon.de,Male,Executive Secretary,8662,4728,Yambee,Bungkulan
62,Cob,Lowman,clowman1p@seesaa.net,Male,Graphic Designer,5034,4319,Skiba,Picoto
63,Shawn,Selly,sselly1q@businessinsider.com,Male,Programmer IV,3791,4167,Devshare,Mombaça
64,Padraig,Harrill,pharrill1r@quantcast.com,Male,Web Developer IV,28977,4107,Photobean,Mönsterås
65,Rosella,Gianolini,rgianolini1s@youku.com,Genderfluid,Recruiting Manager,29053,4151,Reallinks,Carromeu
66,Rakel,Druce,rdruce1t@shutterfly.com,Female,Programmer Analyst III,23457,4520,Mudo,N’dalatando
67,Trstram,Wike,twike1u@bandcamp.com,Male,Office Assistant I,3897,4108,Brainlounge,Deqing
68,Viviene,Collins,vcollins1v@tuttocitta.it,Female,Sales Representative,16065,4898,Thoughtmix,La Caya
69,Sibyl,Pottberry,spottberry1w@sourceforge.net,Male,Sales Representative,20906,4850,Yata,San Jose
70,Jock,Prettjohn,jprettjohn1x@netlog.com,Male,Software Engineer II,15560,4296,Demimbu,Greensboro
71,Kore,Standing,kstanding1y@icq.com,Female,Account Executive,29288,4853,Zoomzone,Jardim da Serra
72,Durand,Woollcott,dwoollcott1z@php.net,Male,Budget/Accounting Analyst III,16777,4491,Edgewire,Kamenjane
73,Dud,Tabner,dtabner20@foxnews.com,Male,Assistant Media Planner,20142,4045,Leexo,Lancheng
74,Rivalee,Basezzi,rbasezzi21@cloudflare.com,Female,Legal Assistant,25953,4138,Edgeify,Blagodatnoye
75,Rem,Gilleson,rgilleson22@walmart.com,Male,Clinical Specialist,8464,4635,Rhybox,Maxixe
76,Grayce,Cromb,gcromb23@multiply.com,Female,Senior Quality Engineer,8927,4330,Twitterlist,Putina
77,Worthington,Stopp,wstopp24@pen.io,Male,Human Resources Assistant III,9664,4460,Skiptube,Toba
78,Bent,Poleye,bpoleye25@jigsy.com,Bigender,Speech Pathologist,17523,4512,JumpXS,Ninh Hòa
79,Si,Wilton,swilton26@cocolog-nifty.com,Male,Environmental Tech,5657,4939,Blognation,Gēdo
80,Katuscha,Belverstone,kbelverstone27@squarespace.com,Female,Accounting Assistant IV,18872,4273,Skalith,Aiguo
81,Coral,Corde,ccorde28@google.es,Female,Dental Hygienist,13677,4318,Jamia,Jardín América
82,Delano,Bedells,dbedells29@loc.gov,Genderqueer,GIS Technical Architect,28615,4692,Photospace,Nueva Loja
83,Amaleta,Lopez,alopez2a@cdc.gov,Female,Clinical Specialist,26748,4917,Chatterbridge,Rače
84,Gregor,Edden,gedden2b@edublogs.org,Male,Nurse,9354,4763,Eabox,Kalmar
85,Beatrisa,Belfitt,bbelfitt2c@bizjournals.com,Female,Electrical Engineer,2558,4684,Dabfeed,G’uzor
86,Kippie,Daborn,kdaborn2d@163.com,Male,Help Desk Operator,19208,4508,Quaxo,Pengandonan
87,Charmion,Diter,cditer2e@odnoklassniki.ru,Agender,Environmental Specialist,24398,4168,Quimba,Sugihan
88,Farra,Rumsey,frumsey2f@ameblo.jp,Female,Office Assistant I,19544,4726,Fivebridge,Zdolbuniv
89,Justine,Eddow,jeddow2g@whitehouse.gov,Female,Project Manager,21040,4662,Ailane,Huili Chengguanzhen
90,Lilly,Rosenkrantz,lrosenkrantz2h@shop-pro.jp,Female,Senior Cost Accountant,27606,4467,Browseblab,Betafo
91,Willy,Laver,wlaver2i@yahoo.co.jp,Male,Financial Advisor,26090,4617,Yata,Västra Frölunda
92,Horacio,O'Lahy,holahy2j@shareasale.com,Male,Senior Editor,10027,4531,Cogilith,Taouloukoult
93,Thurstan,Arnott,tarnott2k@barnesandnoble.com,Male,Paralegal,10392,4168,Dynabox,Konstantinovo
94,Sibelle,Huffer,shuffer2l@woothemes.com,Female,Computer Systems Analyst IV,3753,4275,Mudo,Nice
95,Merwyn,Reyes,mreyes2m@studiopress.com,Male,Professor,25293,4973,Meemm,Talisayan
96,Tarrance,Randalston,trandalston2n@bbc.co.uk,Male,Project Manager,7595,4816,Topicware,Tippi
97,Cullan,Melloy,cmelloy2o@wired.com,Male,Mechanical Systems Engineer,7616,4435,Meetz,Miřetice
98,Sloane,Shiers,sshiers2p@i2i.jp,Male,Project Manager,27739,4542,Trupe,Brejos
99,Meg,Pittham,mpittham2q@bigcartel.com,Female,Media Manager II,28640,4524,Brainsphere,Wielki Kack
100,Ailina,Wesson,awesson2r@gov.uk,Female,Biostatistician I,15089,4799,Zava,Ciyu
101,Charleen,Dillingstone,cdillingstone2s@google.fr,Female,Budget/Accounting Analyst I,28059,4417,Wordware,Zandak
102,Susanna,Scowen,sscowen2t@icio.us,Female,Senior Quality Engineer,29040,4015,Innojam,Shang Boingor
103,Ferne,Ollenbuttel,follenbuttel2u@java.com,Female,Software Engineer III,18138,4563,Zoomzone,Volgograd
104,Teena,Haw,thaw2v@studiopress.com,Female,Recruiting Manager,6608,4893,Babbleblab,Papineauville
105,Carlin,Gaiger,cgaiger2w@dailymotion.com,Female,Chemical Engineer,5868,4779,Tagcat,Tacoma
106,Gram,Benedict,gbenedict2x@goodreads.com,Male,Business Systems Development Analyst,12736,4133,Topiclounge,Machalí
107,Jodi,Begley,jbegley2y@ustream.tv,Female,Assistant Manager,12057,4160,Realbuzz,Datang
108,Stacy,Walshe,swalshe2z@networkadvertising.org,Male,Accounting Assistant II,10568,4531,Wordpedia,Orlândia
109,Daryl,Beringer,dberinger30@chronoengine.com,Female,Systems Administrator I,12591,4289,Feedbug,Pasiragung
110,Ara,Hattam,ahattam31@jigsy.com,Female,Project Manager,29324,4632,Skinder,Boroko
111,Dacie,Molohan,dmolohan32@ow.ly,Female,Computer Systems Analyst III,9245,4059,Wikido,Kołbiel
112,Franciskus,Wolvey,fwolvey33@boston.com,Male,Professor,2363,4445,Flipbug,Klatovy
113,Tomaso,Iron,tiron34@nationalgeographic.com,Male,Structural Analysis Engineer,17468,4149,Jaxworks,Kumalarang
114,Care,Droghan,cdroghan35@imgur.com,Male,Automation Specialist I,21351,4474,Vidoo,Faaa
115,Knox,Maliffe,kmaliffe36@admin.ch,Male,Director of Sales,13064,4207,Digitube,Portão
116,Leta,Davidowsky,ldavidowsky37@msu.edu,Female,Sales Representative,7544,4080,Flashspan,Pio
117,Aubrette,Sturror,asturror38@multiply.com,Female,Product Engineer,16829,4568,Jayo,Weetobula
118,Lukas,Mazzey,lmazzey39@virginia.edu,Male,Technical Writer,19805,4335,Gabtype,Fengtang
119,Iggie,Yurygyn,iyurygyn3a@chron.com,Male,Junior Executive,10298,4749,Linktype,Rawaglagah
120,Ardra,Forryan,aforryan3b@baidu.com,Female,Safety Technician IV,26851,4504,Roomm,Jiadingzhen
121,Yetta,Bullene,ybullene3c@gnu.org,Genderfluid,Environmental Tech,10657,4708,Rhyzio,Shahrisabz Shahri
122,Karalee,Mackelworth,kmackelworth3d@redcross.org,Female,Software Test Engineer IV,3070,4328,BlogXS,Ūdalah
123,Ashlie,Learoyde,alearoyde3e@macromedia.com,Female,Administrative Assistant III,20598,4741,Meezzy,Brzeg Dolny
124,Rubina,Burnhill,rburnhill3f@msn.com,Female,Assistant Manager,19959,4104,Dabfeed,Pęczniew
125,Cazzie,Scudamore,cscudamore3g@mac.com,Male,Safety Technician IV,13937,4003,Gigazoom,Zijin
126,Pauletta,Dodshun,pdodshun3h@github.com,Female,Environmental Tech,24964,4365,Midel,Huangpi
127,Rockey,Heller,rheller3i@usgs.gov,Male,Senior Quality Engineer,9644,4294,Thoughtworks,Guachetá
128,Lyle,Syme,lsyme3j@joomla.org,Male,Civil Engineer,24088,4274,Tekfly,Horodyshche
129,Neale,Dowding,ndowding3k@pcworld.com,Male,Internal Auditor,4592,4619,Skibox,San Andres
130,Reyna,Gerssam,rgerssam3l@storify.com,Female,Health Coach II,28150,4126,Minyx,Chilecito
131,Loria,Fancutt,lfancutt3m@shareasale.com,Female,Nurse,2736,4734,Youspan,Manicaragua
132,Kristi,Bertolaccini,kbertolaccini3n@friendfeed.com,Female,Safety Technician I,27470,4463,Chatterbridge,Piastów
133,Roddie,Taylder,rtaylder3o@freewebs.com,Male,Project Manager,2007,4087,Divanoodle,Lingtou
134,Alaster,Crinage,acrinage3p@google.co.uk,Male,Social Worker,2889,4311,Mydeo,Sandymount
135,Jefferey,Kloser,jkloser3q@nature.com,Male,Developer III,4935,4103,Zoombox,São José do Egito
136,Hyatt,Maudlin,hmaudlin3r@elpais.com,Male,Geological Engineer,24846,4608,Cogibox,Acolla
137,Shawna,Packington,spackington3s@purevolume.com,Female,VP Quality Control,23747,4662,Realblab,Kamimaruko
138,Lucius,Robichon,lrobichon3t@cocolog-nifty.com,Male,Geologist IV,25251,4615,Fivebridge,Verkhnyachka
139,Budd,Pinn,bpinn3u@i2i.jp,Male,Physical Therapy Assistant,22460,4489,Kwideo,Ganzhou
140,Livy,Salthouse,lsalthouse3v@ameblo.jp,Female,Computer Systems Analyst I,17407,4905,Browsebug,Kawahmanuk
141,Norbie,Cancellieri,ncancellieri3w@indiatimes.com,Male,Speech Pathologist,23281,4972,Devcast,Danxi
142,Budd,Capitano,bcapitano3x@webeden.co.uk,Male,VP Sales,15889,4553,Flashspan,Carpenter
143,Gail,Tubritt,gtubritt3y@indiegogo.com,Male,Junior Executive,17583,4707,Browsezoom,Kokhanava
144,Bernice,Badrock,bbadrock3z@uol.com.br,Genderfluid,Assistant Professor,18601,4829,Feedfish,Dasht-e Archī
145,Billie,Rogan,brogan40@parallels.com,Male,Software Test Engineer IV,27644,4465,Gabtune,Mooirivier
146,Natala,Skerman,nskerman41@chronoengine.com,Female,Sales Associate,18265,4733,Plajo,Trawniki
147,Teador,Larcombe,tlarcombe42@tripod.com,Male,Director of Sales,2107,4896,Thoughtbridge,Pathum Ratchawongsa
148,Tuckie,O'Hickee,tohickee43@google.ca,Male,VP Quality Control,12633,4527,Flashpoint,Xianghu
149,Catherina,Guyver,cguyver44@census.gov,Female,Project Manager,29055,4065,Devpoint,Sufang
150,Jo,Petel,jpetel45@unicef.org,Female,Accounting Assistant I,9995,4602,Yombu,Nyzhnya Krynka
151,Claire,Gyrgorcewicx,cgyrgorcewicx46@vimeo.com,Female,Project Manager,16813,4285,Yakijo,Ropcha
152,Daniele,Matley,dmatley47@meetup.com,Female,Research Nurse,20215,4283,Jabbersphere,Gonzalo Pizarro
153,Natassia,Lehemann,nlehemann48@unc.edu,Female,Senior Developer,8019,4483,Thoughtworks,Stavanger
154,Nester,Tupling,ntupling49@diigo.com,Male,Civil Engineer,25241,4766,Jabberstorm,Tsu-shi
155,Daphne,Jeandel,djeandel4a@thetimes.co.uk,Female,Database Administrator III,5054,4821,Thoughtsphere,Spartanburg
156,Janine,Brambell,jbrambell4b@taobao.com,Female,Food Chemist,5300,4150,Wikizz,Lins
157,Essa,Rosini,erosini4c@mozilla.com,Female,VP Marketing,19859,4456,Pixoboo,Jadranovo
158,Jeanne,Sterricker,jsterricker4d@biglobe.ne.jp,Polygender,Research Associate,5278,4408,Edgepulse,Kirovsk
159,Edithe,Crimp,ecrimp4e@biblegateway.com,Female,GIS Technical Architect,8831,4234,Ozu,Huipinggeng
160,Ame,Macey,amacey4f@google.com.au,Non-binary,Statistician IV,16944,4931,Janyx,Rasshevatskaya
161,Josefa,Overal,joveral4g@hhs.gov,Female,Pharmacist,18718,4258,Lazz,Trubchevsk
162,Alicia,Gemmell,agemmell4h@histats.com,Female,Librarian,17484,4836,BlogXS,Citalahab
163,Jody,Packwood,jpackwood4i@deliciousdays.com,Female,Health Coach I,26006,4736,Aimbo,Krajan Dua Patempuran
164,Kirsten,Nestoruk,knestoruk4j@printfriendly.com,Polygender,Structural Engineer,7219,4002,Photolist,Pailin
165,Maurene,Birkbeck,mbirkbeck4k@seattletimes.com,Female,Graphic Designer,16699,4204,Yombu,České Meziříčí
166,Maurizia,MacKeeg,mmackeeg4l@imdb.com,Female,Analyst Programmer,19215,4409,Skyba,Blaye
167,Grenville,Mattys,gmattys4m@businessinsider.com,Male,Software Test Engineer II,3985,4489,Yabox,Petung
168,Donovan,Daville,ddaville4n@liveinternet.ru,Male,Database Administrator III,13092,4434,Kwideo,Morelos
169,Matt,Raynham,mraynham4o@unesco.org,Male,Tax Accountant,23733,4977,Jayo,Krujë
170,Garv,Kenealy,gkenealy4p@google.fr,Male,Environmental Tech,21307,4734,Agimba,Mosjøen
171,Rudie,Rochester,rrochester4q@paypal.com,Male,Quality Engineer,4364,4429,Mydeo,Jabranti
172,Bennie,Gammage,bgammage4r@auda.org.au,Male,Structural Engineer,7221,4510,Quire,Petrovo-Dal’neye
173,Barbara,Tumpane,btumpane4s@vkontakte.ru,Polygender,Nuclear Power Engineer,14917,4983,Zazio,Keffi
174,Fonzie,Plenty,fplenty4t@hugedomains.com,Male,Junior Executive,19463,4405,Oba,Jelah
175,Marius,Okker,mokker4u@tuttocitta.it,Male,Assistant Media Planner,17519,4341,Kayveo,Taraju
176,Stacy,Kleinfeld,skleinfeld4v@smh.com.au,Female,Programmer Analyst I,19140,4357,Quimba,Batsari
177,Ainsley,Tredgold,atredgold4w@trellian.com,Female,Director of Sales,3830,4815,Kare,Yijing
178,Tessy,Witherop,twitherop4x@cdbaby.com,Female,Senior Financial Analyst,4262,4222,Brightdog,Makarov
179,Barron,Undrell,bundrell4y@networkadvertising.org,Male,Senior Developer,18602,4491,Mybuzz,Cochrane
180,Hamilton,Walkling,hwalkling4z@si.edu,Male,Speech Pathologist,25021,4558,Vidoo,Wonosari
181,Gaston,Binder,gbinder50@exblog.jp,Male,Help Desk Operator,3368,4497,Bluezoom,Nazran’
182,Ediva,Dowling,edowling51@csmonitor.com,Female,Accountant IV,24462,4337,Tagchat,Arraga
183,Betteanne,Filipovic,bfilipovic52@skyrock.com,Female,Structural Engineer,5452,4999,Snaptags,Karakulino
184,Winona,McInnes,wmcinnes53@harvard.edu,Bigender,Administrative Officer,22575,4498,Zoomdog,Ivanec
185,Perry,Longea,plongea54@unblog.fr,Male,Tax Accountant,20493,4244,Vipe,Huanipaca
186,Mel,Yurchishin,myurchishin55@free.fr,Male,Accounting Assistant I,9297,4604,Yodo,Fengle
187,Jasper,Sousa,jsousa56@buzzfeed.com,Male,Librarian,18021,4226,Mudo,Ambato
188,Jerry,Lampaert,jlampaert57@angelfire.com,Male,Web Developer III,13969,4466,Quinu,‘Ayn an Nasr
189,Prissie,Flucker,pflucker58@sbwire.com,Female,Analog Circuit Design manager,8833,4818,Twitterwire,Três Lagoas
190,Isabel,Poppy,ipoppy59@gravatar.com,Female,Administrative Officer,26212,4473,Trupe,Disūq
191,Julietta,Aliman,jaliman5a@aboutads.info,Female,Occupational Therapist,15075,4660,Voonte,Gandara
192,Addy,Posselow,aposselow5b@pinterest.com,Male,Editor,24702,4201,Brainbox,Bibirevo
193,Cass,Woollard,cwoollard5c@deviantart.com,Male,Chemical Engineer,25700,4311,Devshare,Buy
194,Consalve,Medforth,cmedforth5d@sciencedaily.com,Male,Food Chemist,3891,4365,Wikizz,Sangke
195,Ludovika,Melland,lmelland5e@webmd.com,Female,Software Engineer II,25330,4707,Divanoodle,Aqsū
196,Evyn,Titterell,etitterell5f@exblog.jp,Male,Recruiting Manager,14368,4958,Skyndu,Nevel’
197,Sheilah,Baldinotti,sbaldinotti5g@topsy.com,Polygender,Environmental Specialist,13562,4144,Skyndu,Klippan
198,Vaclav,Sallis,vsallis5h@umn.edu,Male,Cost Accountant,2485,4279,Gabcube,Skärholmen
199,Lorna,Shorto,lshorto5i@ucoz.ru,Female,Web Designer III,3886,4860,Gigabox,Fulnek
200,Giffy,Byforth,gbyforth5j@omniture.com,Male,Senior Sales Associate,11611,4613,Roombo,Svilajnac
201,Tedi,Gallymore,tgallymore5k@indiegogo.com,Female,Project Manager,14403,4152,Geba,Białobrzegi
202,Trueman,Hugett,thugett5l@admin.ch,Male,Associate Professor,21367,4672,Dabvine,Kunda
203,Averil,Critchlow,acritchlow5m@smh.com.au,Genderqueer,VP Marketing,15691,4862,Twitterbridge,Chongru
204,Sybyl,Moretto,smoretto5n@smh.com.au,Female,Environmental Specialist,6649,4041,Layo,Wanju
205,Pamela,Storres,pstorres5o@army.mil,Female,Community Outreach Specialist,11278,4752,BlogXS,Ad Dawḩah
206,Murielle,Stoll,mstoll5p@nasa.gov,Female,Engineer IV,5292,4966,Dynava,Hrastnik
207,Kim,Heineke,kheineke5q@arstechnica.com,Female,General Manager,14027,4434,Buzzbean,Codó
208,Roshelle,Quadling,rquadling5r@mit.edu,Female,Legal Assistant,2226,4712,Feedbug,Linhares
209,Almira,Peasee,apeasee5s@flavors.me,Female,Software Test Engineer II,6943,4668,Skiba,Vargem Grande Paulista
210,Tish,Enderle,tenderle5t@cbc.ca,Female,Nurse,24157,4062,InnoZ,Puricay
211,Nefen,Tummond,ntummond5u@about.me,Male,Professor,19823,4073,Skalith,Altanbulag
212,Tatiana,Frotton,tfrotton5v@bloomberg.com,Female,Statistician III,7901,4366,Thoughtstorm,Isheyevka
213,Jodi,Randalson,jrandalson5w@fastcompany.com,Male,Chief Design Engineer,27343,4334,Buzzster,Dafundo
214,Rayshell,Urlin,rurlin5x@ox.ac.uk,Female,Nurse,4701,4111,Buzzster,Huaxijie
215,Uri,Ruddick,uruddick5y@printfriendly.com,Male,Design Engineer,12552,4219,Abata,Zhouyuan
216,Wallas,Mongain,wmongain5z@aboutads.info,Male,Senior Quality Engineer,12574,4839,Trunyx,Ogurugu
217,Sigismundo,Gyde,sgyde60@army.mil,Male,Compensation Analyst,24764,4726,Cogilith,Dongxing
218,Ernestus,Carryer,ecarryer61@sohu.com,Male,VP Quality Control,2758,4450,Tekfly,Barrosa
219,Casey,Dillestone,cdillestone62@shareasale.com,Male,Senior Financial Analyst,18693,4475,Jabberstorm,Nongba
220,Calv,Farron,cfarron63@salon.com,Male,Senior Sales Associate,12516,4463,Chatterpoint,Miastków Kościelny
221,Elyn,Fermin,efermin64@phoca.cz,Polygender,Structural Analysis Engineer,22742,4241,Tagopia,Tingsryd
222,Steffen,Klemps,sklemps65@howstuffworks.com,Male,Sales Associate,13687,4224,Twinder,Mangai
223,Lynnette,Temple,ltemple66@elpais.com,Female,Automation Specialist II,18272,4722,Devbug,Englewood
224,Giorgi,Tapsell,gtapsell67@mapy.cz,Male,Nurse,14848,4836,Dazzlesphere,Verdun
225,Liana,Cranmer,lcranmer68@fc2.com,Female,Community Outreach Specialist,28671,4155,Demimbu,Leiyang
226,Hamnet,Mahaddie,hmahaddie69@timesonline.co.uk,Male,Assistant Professor,22297,4815,Katz,Jos
227,Renard,McPherson,rmcpherson6a@aboutads.info,Male,Assistant Media Planner,21429,4569,Youtags,Muquiyauyo
228,Samuel,Goodbarne,sgoodbarne6b@studiopress.com,Male,Financial Advisor,12990,4739,Skajo,Kawungsari
229,Kata,Bassett,kbassett6c@economist.com,Female,Environmental Specialist,10607,4958,Realpoint,Matsuyama
230,Arleta,Annott,aannott6d@tinyurl.com,Female,Senior Quality Engineer,15142,4384,Quire,Zhongba
231,Tammy,Presnall,tpresnall6e@springer.com,Female,Dental Hygienist,24771,4671,Mita,Öldziyt
232,Pernell,Pinner,ppinner6f@posterous.com,Male,Senior Editor,25028,4863,DabZ,Cà Mau
233,Mae,Lippingwell,mlippingwell6g@statcounter.com,Female,Food Chemist,20332,4771,Gabspot,Shubenka
234,Reinaldos,Pedrozzi,rpedrozzi6h@youtu.be,Male,Health Coach IV,13968,4909,Youfeed,Ploemeur
235,Clive,Gauson,cgauson6i@list-manage.com,Male,Human Resources Manager,2433,4013,Skimia,Babao
236,Kelley,Olyfat,kolyfat6j@patch.com,Male,Analog Circuit Design manager,18066,4168,Fivebridge,Matsumoto
237,Tiphany,Bramont,tbramont6k@wikispaces.com,Genderqueer,Human Resources Manager,20397,4303,Shufflester,Venlo
238,Sasha,Dykes,sdykes6l@naver.com,Male,Executive Secretary,29656,4507,Ailane,Nové Strašecí
239,Yorgos,Dohms,ydohms6m@marriott.com,Male,Developer I,28820,4942,Zooveo,Inda Silasē
240,Elizabet,Mossom,emossom6n@flickr.com,Female,Nuclear Power Engineer,4965,4990,Rhybox,Shkotovo
241,Samson,Obray,sobray6o@hatena.ne.jp,Male,Pharmacist,15162,4603,Blogspan,Morbatoh
242,Bobbye,Titterington,btitterington6p@furl.net,Female,Administrative Officer,9440,4262,Leenti,Karakabak
243,Gauthier,Kenna,gkenna6q@privacy.gov.au,Male,Programmer III,17722,4780,Yakijo,Unecha
244,Alix,Castanos,acastanos6r@artisteer.com,Female,Product Engineer,6881,4348,Buzzdog,Xianrendu
245,Magdalena,Rodliff,mrodliff6s@google.cn,Female,Technical Writer,23557,4251,Devbug,Huiqi
246,Fernanda,Carpe,fcarpe6t@behance.net,Polygender,VP Product Management,9019,4450,Buzzshare,Haozhai
247,Kristoforo,McMurtyr,kmcmurtyr6u@homestead.com,Male,Office Assistant IV,28522,4461,Janyx,Novogireyevo
248,Phillipp,De Caroli,pdecaroli6v@nsw.gov.au,Male,Senior Financial Analyst,18281,4991,Eire,Hradec nad Moravici
249,Gavra,Akhurst,gakhurst6w@gov.uk,Female,Compensation Analyst,29609,4963,Oyoyo,Sigli
250,Bennie,Wapple,bwapple6x@toplist.cz,Female,Product Engineer,11642,4264,Jaxbean,Libog
251,John,Outlaw,joutlaw6y@zimbio.com,Male,Recruiting Manager,16624,4306,Tambee,Jaga
252,Thea,Sawer,tsawer6z@simplemachines.org,Female,Sales Associate,17799,4618,Topicware,Älvdalen
253,Jennilee,Ledekker,jledekker70@godaddy.com,Female,Nurse Practicioner,7622,4173,Twimbo,Laibin
254,Kassi,Yackiminie,kyackiminie71@soundcloud.com,Female,Geologist III,20370,4725,Realblab,Huating
255,Alair,Crisp,acrisp72@time.com,Male,Senior Cost Accountant,5022,4490,Fivebridge,Luzhany
256,Ricki,Prince,rprince73@csmonitor.com,Male,Account Coordinator,17948,4256,Edgeclub,Pacanga
257,Rorke,McNirlin,rmcnirlin74@reuters.com,Male,VP Marketing,7902,4083,Yakitri,La Guadalupe
258,Dugald,Velte,dvelte75@zimbio.com,Male,Systems Administrator I,8991,4874,Edgewire,Rangmanten
259,Roxanna,Tompkin,rtompkin76@harvard.edu,Female,Nurse Practicioner,21975,4497,Twinder,Stettler
260,Dorris,Loseby,dloseby77@mtv.com,Female,Software Engineer I,20600,4820,Fatz,Brisbane
261,Jules,Grass,jgrass78@sitemeter.com,Male,Associate Professor,15381,4310,Cogilith,Guanhães
262,Nessie,Tomlins,ntomlins79@youku.com,Genderqueer,Staff Accountant IV,13437,4334,Bluejam,Santa Teresa First
263,Pasquale,Yakobowitch,pyakobowitch7a@surveymonkey.com,Male,Computer Systems Analyst III,11125,4185,Ozu,Huilong
264,Tim,Albrecht,talbrecht7b@businesswire.com,Polygender,Administrative Assistant III,14133,4688,Topiclounge,Khao Khitchakut
265,Maude,Fotheringham,mfotheringham7c@wisc.edu,Female,Web Designer I,3653,4586,Edgetag,Charleroi
266,Analise,Wear,awear7d@vk.com,Female,Assistant Media Planner,13399,4960,Vidoo,Nantian
267,Lance,Duffin,lduffin7e@hubpages.com,Male,Web Developer I,29434,4084,Flashdog,Cabeço de Vide
268,Hilary,Drioli,hdrioli7f@bbb.org,Bigender,VP Sales,25006,4649,Thoughtsphere,Skuhrov nad Bělou
269,Carilyn,Oda,coda7g@fda.gov,Female,Assistant Professor,18539,4157,Gabtune,Malaryta
270,Gaynor,Midlane,gmidlane7h@miibeian.gov.cn,Female,Recruiting Manager,2976,4785,Janyx,Sélibabi
271,Willette,Ebbetts,webbetts7i@spiegel.de,Polygender,Software Test Engineer IV,11480,4720,Bubbletube,Rio Covo ( Santa Eulália )
272,Carrie,Gatling,cgatling7j@fda.gov,Female,Associate Professor,24911,4009,Kwinu,Znojmo
273,Hewett,Volet,hvolet7k@independent.co.uk,Male,Budget/Accounting Analyst III,25291,4145,Quamba,Nyköping
274,Harcourt,Freiburger,hfreiburger7l@irs.gov,Male,Software Engineer IV,15978,4738,Divanoodle,Cairima
275,Ottilie,Caulwell,ocaulwell7m@ebay.com,Female,Junior Executive,24149,4735,Podcat,Ashtarak
276,Brynne,Buxcy,bbuxcy7n@zdnet.com,Female,Budget/Accounting Analyst IV,5858,4080,Mydeo,Komaki
277,Perry,Chessum,pchessum7o@dmoz.org,Male,Office Assistant IV,18552,4560,Yoveo,Jiangkou
278,Nilson,Harburtson,nharburtson7p@cocolog-nifty.com,Male,Web Developer IV,8114,4254,Youopia,Mafinga
279,Andrej,Teers,ateers7q@wired.com,Male,Human Resources Assistant I,27290,4820,Flashspan,Tân Hòa
280,Ludvig,Vagges,lvagges7r@uiuc.edu,Male,Financial Advisor,26223,4486,Cogidoo,Loma Bonita
281,Dorena,Le Sieur,dlesieur7s@elpais.com,Female,Automation Specialist IV,24854,4028,Photojam,Hougang
282,Gunther,Lyte,glyte7t@ycombinator.com,Male,Automation Specialist IV,8988,4957,Jabberbean,Kotabumi
283,Antonio,Brocklehurst,abrocklehurst7u@google.nl,Male,Assistant Manager,16924,4278,Devcast,João Pessoa
284,Evey,Blamires,eblamires7v@behance.net,Female,Statistician I,25856,4257,Livefish,Jambean
285,Aron,Klosa,aklosa7w@ycombinator.com,Male,Statistician I,7493,4289,Shufflester,Famagusta
286,Paton,Cockarill,pcockarill7x@w3.org,Male,Budget/Accounting Analyst II,3575,4021,Vinte,La Cumbre
287,Thaddeus,Toland,ttoland7y@nba.com,Male,Health Coach III,13548,4992,Thoughtmix,Binglincha
288,Minnnie,Melarkey,mmelarkey7z@state.tx.us,Female,Administrative Officer,15208,4696,Tazz,Péfki
289,Johnette,Josefer,jjosefer80@booking.com,Female,Operator,11554,4097,Avamba,Feilaixia
290,Sigismondo,Craw,scraw81@cmu.edu,Non-binary,Automation Specialist III,4281,4437,Dabvine,Emiliano Zapata
291,Hinda,Cratere,hcratere82@apache.org,Female,Financial Advisor,11984,4810,Realblab,Ubá
292,Lowe,Hanaford,lhanaford83@123-reg.co.uk,Male,Civil Engineer,9446,4092,Jaxbean,Silvares
293,Louis,Doyle,ldoyle84@msu.edu,Male,Recruiter,6021,4017,Bubblemix,Puhja
294,Brande,Bohlje,bbohlje85@mysql.com,Female,Occupational Therapist,13753,4984,Devpoint,Rezh
295,Harlene,Letson,hletson86@epa.gov,Female,Occupational Therapist,21616,4233,Bubbletube,Paraipaba
296,Damon,Gilliver,dgilliver87@yahoo.com,Male,Financial Advisor,23772,4155,Divavu,Ivanteyevka
297,Fraser,Ladyman,fladyman88@reverbnation.com,Male,Senior Cost Accountant,12308,4337,Meevee,Lyubim
298,Wain,Bevir,wbevir89@opera.com,Male,Nurse,27160,4164,Skyble,Zaječí
299,Ileana,Smallbone,ismallbone8a@walmart.com,Female,Senior Cost Accountant,21147,4797,Jabberstorm,Lalapanzi
300,Robinet,McConnell,rmcconnell8b@over-blog.com,Male,Associate Professor,4024,4691,Eayo,Chikeng
301,Kimberlyn,Darragh,kdarragh8c@deliciousdays.com,Female,Biostatistician III,28446,4932,Jetpulse,Lamarosa
302,Agatha,Tombleson,atombleson8d@soundcloud.com,Female,Staff Accountant II,10715,4516,Realblab,Vysehrad
303,Clemmy,Brimmicombe,cbrimmicombe8e@weebly.com,Bigender,Speech Pathologist,10940,4342,Flipopia,Kumanis
304,Lock,Catlin,lcatlin8f@is.gd,Male,Research Associate,6297,4358,Npath,Gonbad-e Kāvūs
305,Fairfax,Nuzzetti,fnuzzetti8g@mozilla.com,Male,Sales Representative,19995,4815,Bluejam,Nóvita
306,Herta,Faivre,hfaivre8h@list-manage.com,Female,Software Test Engineer II,12803,4368,Centizu,Honoria
307,Sebastian,Ruttgers,sruttgers8i@trellian.com,Male,Desktop Support Technician,29349,4476,Vipe,Pinhal Novo
308,Zeke,Gealy,zgealy8j@chronoengine.com,Male,Junior Executive,26083,4078,Ainyx,Ciomas
309,Davidde,Booeln,dbooeln8k@yandex.ru,Male,Software Consultant,15027,4107,Gabvine,Itaitinga
310,Leanor,Fazakerley,lfazakerley8l@163.com,Female,Professor,23451,4984,Camimbo,Podbrdo
311,Isidor,MacTeggart,imacteggart8m@hibu.com,Male,Account Executive,6628,4504,Kwilith,Catac
312,Ollie,Le-Good,olegood8n@mashable.com,Male,Technical Writer,13658,4490,Kanoodle,Naftalan
313,Clement,Fullagar,cfullagar8o@xrea.com,Male,Nurse Practicioner,20708,4433,Teklist,Szlachta
314,Nathaniel,Caskey,ncaskey8p@bing.com,Male,Actuary,14455,4301,Rhynyx,Pining
315,Sigismund,Reah,sreah8q@plala.or.jp,Male,Senior Editor,4887,4010,Centizu,Makedonski Brod
316,Jaime,Fetherston,jfetherston8r@istockphoto.com,Male,Structural Engineer,21725,4204,Linklinks,Wugong
317,Clio,Peebles,cpeebles8s@mapquest.com,Female,Payment Adjustment Coordinator,21407,4948,Youspan,Eybens
318,Pavlov,Jancy,pjancy8t@issuu.com,Male,Budget/Accounting Analyst III,22084,4563,Wikido,Mahaddayweyne
319,Tarrah,See,tsee8u@storify.com,Female,General Manager,12087,4895,Demizz,Lavradio
320,Aubert,Keane,akeane8v@friendfeed.com,Male,Associate Professor,13206,4184,Voonix,Yengiawat
321,Shaw,Chaffe,schaffe8w@soundcloud.com,Male,Junior Executive,11433,4082,Fivebridge,Sinuknipan
322,Cirillo,Manuele,cmanuele8x@devhub.com,Male,Director of Sales,25467,4959,Vitz,Sukakarya
323,Shelli,Ornillos,sornillos8y@etsy.com,Female,Assistant Media Planner,28690,4697,Layo,Pasir Mas
324,Koo,Olyfant,kolyfant8z@tumblr.com,Female,Assistant Media Planner,25697,4779,Jatri,Vítkov
325,Kellina,Poore,kpoore90@virginia.edu,Female,Quality Control Specialist,9726,4688,Zava,Plácido de Castro
326,Ailsun,Vaudre,avaudre91@clickbank.net,Female,Research Assistant III,29562,4913,Yombu,Langtad
327,Tracey,Fish,tfish92@globo.com,Male,Geological Engineer,8348,4880,Camimbo,Ḩalwān
328,Valle,Bonick,vbonick93@spotify.com,Male,Technical Writer,14837,4220,Yambee,Bajia
329,Anna-maria,Blum,ablum94@eventbrite.com,Female,Quality Engineer,21772,4750,Twimm,Maurole
330,Gilbertina,Overington,goverington95@usnews.com,Female,Research Associate,12563,4844,Blogspan,La Jicaral
331,Yank,Adolthine,yadolthine96@reverbnation.com,Male,GIS Technical Architect,29065,4981,Vidoo,Ferreiros
332,Paddie,Spriggen,pspriggen97@usgs.gov,Male,Recruiting Manager,19362,4920,Skinder,Gaohong
333,Elli,Grichukhin,egrichukhin98@fotki.com,Female,Community Outreach Specialist,22705,4559,Dabjam,Alverca do Ribatejo
334,Moses,Driussi,mdriussi99@spotify.com,Male,Database Administrator IV,20894,4644,Jayo,Sobreira
335,Reider,Jedrzejkiewicz,rjedrzejkiewicz9a@cargocollective.com,Male,Staff Scientist,17391,4105,Omba,Severomorsk
336,Cirillo,Snalham,csnalham9b@skyrock.com,Male,Clinical Specialist,9720,4090,Youtags,Tīrān
337,Sheeree,Malpass,smalpass9c@baidu.com,Female,Accountant II,29682,4367,Devpoint,Twante
338,Franchot,Ruben,fruben9d@nba.com,Male,Computer Systems Analyst I,21937,4522,Muxo,Kabukarudi
339,Fitzgerald,Boteman,fboteman9e@un.org,Male,Quality Engineer,11557,4182,Dabjam,Taraco
340,Winnie,Cawker,wcawker9f@istockphoto.com,Male,Administrative Officer,26843,4785,Kaymbo,Sredno Konjare
341,Rudolf,Callis,rcallis9g@4shared.com,Genderqueer,General Manager,7059,4059,Kimia,Parachinar
342,Brandyn,Mapother,bmapother9h@gov.uk,Male,Sales Associate,29941,4882,Gigaclub,Uppsala
343,Stormi,Hallut,shallut9i@earthlink.net,Female,Statistician III,24682,4587,Fanoodle,Chongxian
344,Holly-anne,Sends,hsends9j@oaic.gov.au,Female,Physical Therapy Assistant,11948,4605,Leexo,Dobratice
345,Aharon,Flowers,aflowers9k@archive.org,Male,Chemical Engineer,16538,4427,Twitterbeat,Maclear
346,Ansley,Causnett,acausnett9l@theatlantic.com,Genderqueer,Data Coordinator,29861,4829,Linkbuzz,Veinticinco de Mayo
347,Emmett,Killgus,ekillgus9m@soup.io,Male,Sales Associate,5542,4699,Yozio,Stockholm
348,Sarita,Cockrem,scockrem9n@about.com,Non-binary,Assistant Media Planner,20425,4685,Zoovu,Piaski
349,Gwennie,Van der Brug,gvanderbrug9o@jigsy.com,Female,Database Administrator I,11867,4942,Linktype,Dadong
350,Ivan,Nutbrown,inutbrown9p@npr.org,Male,Human Resources Manager,24778,4546,Shuffledrive,Baardheere
351,Colline,Guitton,cguitton9q@opera.com,Female,Occupational Therapist,24179,4982,Janyx,At Tāj
352,Erl,Gerrans,egerrans9r@dagondesign.com,Non-binary,Sales Associate,14542,4814,Blogtag,Maţāy
353,Arnold,Pullman,apullman9s@so-net.ne.jp,Male,Environmental Tech,27749,4848,Wordware,Sơn Tây
354,Calvin,Baggally,cbaggally9t@posterous.com,Male,Statistician II,25685,4229,Thoughtstorm,Kondrovo
355,Astrid,Skehan,askehan9u@bloglines.com,Female,Clinical Specialist,20279,4695,Muxo,Zhamao
356,Shauna,Dyhouse,sdyhouse9v@omniture.com,Agender,GIS Technical Architect,19530,4712,Linkbridge,Tanahmerah
357,Eada,Hymor,ehymor9w@biglobe.ne.jp,Female,Human Resources Assistant I,13031,4577,Browsebug,La Hacienda
358,Charleen,Stote,cstote9x@columbia.edu,Female,Actuary,29581,4629,Miboo,Tippi
359,Jazmin,McCowen,jmccowen9y@fema.gov,Female,Programmer IV,7830,4502,Yodel,Paris 02
360,Cami,Redfern,credfern9z@cdc.gov,Female,Administrative Assistant I,13986,4606,Babbleopia,Áyios Yeóryios
361,Beth,Steptow,bsteptowa0@naver.com,Female,Quality Control Specialist,3260,4479,Pixope,Lodwar
362,Bibby,Oakhill,boakhilla1@photobucket.com,Female,Recruiting Manager,17033,4372,Wordtune,Stará Huť
363,Estell,Maddams,emaddamsa2@so-net.ne.jp,Female,Sales Associate,7958,4175,Tavu,Bratislava
364,Rafael,Bagott,rbagotta3@discovery.com,Male,Graphic Designer,20325,4266,Aimbu,Fortuna
365,Gerti,Wondraschek,gwondrascheka4@examiner.com,Agender,Statistician IV,25313,4783,Pixonyx,Habartov
366,Fergus,Chantler,fchantlera5@biglobe.ne.jp,Genderqueer,Developer I,23370,4056,Aibox,Mělník
367,Willa,Balsillie,wbalsilliea6@cbslocal.com,Agender,Chemical Engineer,6755,4129,Photobug,Moosomin
368,Nelle,Beric,nberica7@amazon.co.uk,Female,Staff Scientist,29359,4105,Ailane,Dianya
369,Prissie,Ellesworthe,pellesworthea8@oracle.com,Female,Senior Quality Engineer,5443,4858,Aivee,Raejeru
370,Budd,Esilmon,besilmona9@hexun.com,Male,Information Systems Manager,13688,4463,Shufflester,Frederiksberg
371,Bern,Blackadder,bblackadderaa@newsvine.com,Male,Research Associate,25549,4685,Brightbean,Pataha
372,Alwyn,Raddish,araddishab@dion.ne.jp,Male,Desktop Support Technician,28115,4778,Yakitri,Longhua
373,Ulick,Haseldine,uhaseldineac@blogspot.com,Male,Engineer III,4714,4712,Yombu,Caminauit
374,Sib,Saunper,ssaunperad@paginegialle.it,Female,Computer Systems Analyst I,18946,4882,Voonte,Valuyki
375,Benjie,Lapwood,blapwoodae@tinyurl.com,Male,Senior Quality Engineer,29131,4263,Einti,Damnica
376,Whitman,Georgescu,wgeorgescuaf@aboutads.info,Male,Media Manager IV,28122,4313,Zoonoodle,Mamponteng
377,Marney,Lampbrecht,mlampbrechtag@skype.com,Female,Geologist III,16849,4397,Tanoodle,Rucava
378,Jess,Saull,jsaullah@ehow.com,Female,Account Representative IV,29688,4901,Npath,Chunshui
379,Ragnar,Knagges,rknaggesai@bigcartel.com,Male,Account Executive,22698,4211,Photobug,Labney
380,Nicolea,Penhallurick,npenhallurickaj@last.fm,Female,Data Coordinator,17944,4171,Topicshots,Changning
381,Sky,Rodrig,srodrigak@google.co.uk,Male,Information Systems Manager,9376,4653,Linklinks,Huasta
382,Cordy,Hirtz,chirtzal@umn.edu,Male,Physical Therapy Assistant,16444,4750,Gigaclub,Infantas
383,Fitz,Danks,fdanksam@g.co,Male,Accounting Assistant I,3712,4868,Quire,Colares
384,Kahaleel,Turnock,kturnockan@1und1.de,Male,Junior Executive,12964,4845,Skidoo,Valerianovsk
385,Ida,Putt,iputtao@china.com.cn,Female,Senior Quality Engineer,4536,4845,Dabshots,Nabeul
386,Irv,Aps,iapsap@constantcontact.com,Male,Assistant Media Planner,4809,4137,Skiptube,Karanganyar
387,Lyndell,Hindsberg,lhindsbergaq@ed.gov,Female,Analyst Programmer,17565,4190,Quire,Belalcazar
388,Briggs,Robelin,brobelinar@eepurl.com,Male,Research Associate,12357,4058,Eamia,Burgas
389,Byran,Iannazzi,biannazzias@washington.edu,Male,Staff Scientist,24119,4079,Zoonder,Chiang Khan
390,Nico,Clayworth,nclayworthat@vistaprint.com,Male,VP Accounting,27438,4571,LiveZ,Sriwing
391,Clevie,Rittmeier,crittmeierau@goo.ne.jp,Male,Senior Financial Analyst,12357,4995,Jaxbean,Citalahab
392,Janice,de Chastelain,jdechastelainav@com.com,Female,Assistant Manager,7278,4469,Bubbletube,Cawayan Bugtong
393,Emmye,Barnewall,ebarnewallaw@hud.gov,Female,Engineer I,12966,4067,Twinder,Laï
394,Jacky,Dootson,jdootsonax@spiegel.de,Male,Web Developer IV,19847,4143,Pixope,Naas
395,Ivar,Jewel,ijewelay@creativecommons.org,Male,Accountant II,9682,4331,Yadel,Anxi
396,Connie,Guiel,cguielaz@smugmug.com,Male,VP Accounting,14915,4301,Quimm,Brejo da Madre de Deus
397,Morry,Stewartson,mstewartsonb0@independent.co.uk,Male,Account Coordinator,29786,4223,Skinder,Macieira de Rates
398,Hewie,Speller,hspellerb1@twitpic.com,Male,Information Systems Manager,19436,4760,Buzzbean,Nueva Loja
399,Calli,McLagain,cmclagainb2@google.co.uk,Bigender,Help Desk Operator,8387,4519,Dynava,Zhifudao
400,Sawyer,Bilyard,sbilyardb3@blogtalkradio.com,Male,General Manager,23235,4369,Trilia,Paraíso
401,Lois,Danzelman,ldanzelmanb4@odnoklassniki.ru,Female,Associate Professor,25420,4582,Reallinks,Gancheng
402,Gwendolen,Snelling,gsnellingb5@bloglines.com,Female,Senior Sales Associate,27641,4683,Riffpath,Ciudad Bolívar
403,Caty,McInnes,cmcinnesb6@chicagotribune.com,Female,Marketing Assistant,7732,4163,Centizu,Youxi Chengguanzhen
404,Portie,Weedon,pweedonb7@angelfire.com,Male,Financial Advisor,15352,4851,Fivespan,Hatavch
405,Barbette,Island,bislandb8@ycombinator.com,Female,Tax Accountant,17118,4120,Photobean,Yvetot
406,Arnie,Madrell,amadrellb9@naver.com,Bigender,Structural Engineer,25057,4036,Avamba,Aguas Corrientes
407,Waverly,Bee,wbeeba@istockphoto.com,Male,Tax Accountant,21886,4014,Flipopia,Montaneza
408,Ardra,Reek,areekbb@mozilla.org,Female,Information Systems Manager,19029,4579,Reallinks,Osnabrück
409,Tamarra,Hattam,thattambc@umich.edu,Female,Desktop Support Technician,26766,4388,Thoughtworks,Ballyhaunis
410,Wini,Cotillard,wcotillardbd@mashable.com,Genderfluid,Actuary,2234,4493,Photobug,Huanggang
411,Ariella,Matteris,amatterisbe@pinterest.com,Genderfluid,Health Coach III,20747,4621,Blogspan,As Saddah
412,Virgilio,Murdy,vmurdybf@bloomberg.com,Male,Assistant Media Planner,9014,4281,Pixonyx,Petaẖ Tiqwa
413,Rockwell,Tugwell,rtugwellbg@feedburner.com,Male,Payment Adjustment Coordinator,8113,4985,Feedbug,Gonghe
414,Tann,Affron,taffronbh@jugem.jp,Male,Programmer Analyst I,5757,4469,Bluezoom,Karabudakhkent
415,Thurstan,Bucher,tbucherbi@admin.ch,Male,Media Manager I,9930,4754,Voonte,Anilao
416,Stephani,McLugish,smclugishbj@answers.com,Female,Human Resources Manager,17861,4720,Kwimbee,Shakhta
417,Minnnie,Penke,mpenkebk@nba.com,Female,Director of Sales,10209,4810,Oloo,Sukaraja
418,Leia,Rosengarten,lrosengartenbl@sciencedirect.com,Female,Structural Engineer,21501,4731,Innotype,Cela
419,Isahella,Skitral,iskitralbm@nymag.com,Female,Automation Specialist III,10671,4901,Plambee,Mutsu
420,Marlyn,Murden,mmurdenbn@mozilla.com,Female,Social Worker,20013,4628,Mybuzz,Timóteo
421,Marthe,McGorman,mmcgormanbo@apache.org,Non-binary,Analog Circuit Design manager,9031,4078,Topiclounge,Skrzyszów
422,Stevy,Swayne,sswaynebp@usda.gov,Male,Legal Assistant,12770,4099,Voonyx,Tomarovka
423,Darryl,Kynvin,dkynvinbq@phpbb.com,Female,Research Assistant IV,29538,4037,Camimbo,Sada
424,Angie,Volke,avolkebr@google.co.jp,Female,Junior Executive,2896,4659,Plambee,Brea Pozo
425,Hermann,Dhenin,hdheninbs@goo.gl,Male,Junior Executive,15371,4767,Photofeed,Novoul’yanovsk
426,Chick,Randle,crandlebt@webmd.com,Male,Analyst Programmer,12606,4948,Skinder,Helsingborg
427,Romain,Withams,rwithamsbu@businessinsider.com,Male,Associate Professor,29202,4933,Quatz,Żarnów
428,Ysabel,Small,ysmallbv@sitemeter.com,Female,Health Coach I,17240,4398,Mycat,Västerås
429,Zelig,Ketteridge,zketteridgebw@army.mil,Male,Clinical Specialist,15146,4529,Edgeclub,Nakama
430,Jillene,Dumbarton,jdumbartonbx@google.nl,Female,Senior Cost Accountant,27179,4396,Bubblebox,Pindi Gheb
431,Arlene,Bonnick,abonnickby@taobao.com,Female,VP Sales,19153,4122,Lazz,Bang Ban
432,Mord,Mearing,mmearingbz@acquirethisname.com,Male,Librarian,19513,4837,Reallinks,La Ensenada
433,Marlee,Serridge,mserridgec0@canalblog.com,Female,Computer Systems Analyst I,23469,4883,Feedmix,Chaloem Phra Kiat
434,Pennie,Sapena,psapenac1@wix.com,Male,Dental Hygienist,19181,4104,Flashdog,Puerto Iguazú
435,Keane,Pendre,kpendrec2@xrea.com,Male,Marketing Assistant,29296,4424,Skinder,Gulong
436,Coraline,Acomb,cacombc3@privacy.gov.au,Female,General Manager,12152,5000,Camido,Ōno-hara
437,Zea,Bramont,zbramontc4@sciencedaily.com,Female,Payment Adjustment Coordinator,20619,4768,Oyoloo,Parreira
438,Theda,Fenby,tfenbyc5@slashdot.org,Female,Sales Associate,28434,4918,Realcube,Moroni
439,Jerrold,Feore,jfeorec6@biblegateway.com,Male,Pharmacist,16620,4135,Dabvine,Kansas City
440,Lucius,Noseworthy,lnoseworthyc7@sogou.com,Male,Budget/Accounting Analyst IV,12352,4833,Tagcat,Xinhua
441,Berthe,Casiero,bcasieroc8@timesonline.co.uk,Female,Financial Advisor,21737,4053,Bubblebox,Cimitarra
442,Euell,Ackeroyd,eackeroydc9@technorati.com,Male,Physical Therapy Assistant,13458,4472,Twitterwire,Thị Trấn Thanh Lưu
443,Rand,Toffoloni,rtoffolonica@redcross.org,Male,Teacher,19982,4067,Buzzster,Guaduas
444,Zandra,Meldon,zmeldoncb@delicious.com,Female,Clinical Specialist,26861,4638,Feedmix,San Benito
445,Harris,Roffey,hroffeycc@miibeian.gov.cn,Agender,Geologist I,2665,4273,Dabfeed,Sofrino
446,Paco,MacCardle,pmaccardlecd@nymag.com,Polygender,Senior Financial Analyst,27340,4311,Dynabox,Linjiang
447,Tessie,Itscowics,titscowicsce@angelfire.com,Female,Mechanical Systems Engineer,27562,4716,Mydo,Barretos
448,Karylin,Collingridge,kcollingridgecf@ibm.com,Female,Librarian,22710,4187,Quamba,Inawashiro
449,Stacee,Vellacott,svellacottcg@shinystat.com,Male,Pharmacist,18101,4236,Thoughtbeat,Knyaginino
450,Adena,Lennie,alenniech@networkadvertising.org,Female,Food Chemist,25765,4884,Yodel,Bengubelan
451,Ardella,Coupland,acouplandci@fc2.com,Female,Paralegal,27917,4056,Wikizz,Koina
452,Haily,Jeske,hjeskecj@nifty.com,Female,Research Nurse,9119,4409,Livepath,Hexi
453,Trudie,Clyne,tclyneck@4shared.com,Female,VP Accounting,2308,4529,Vitz,Reggada
454,Polly,Collop,pcollopcl@netvibes.com,Female,Food Chemist,4509,4679,Oodoo,Banqiao
455,Priscilla,Juara,pjuaracm@home.pl,Female,Community Outreach Specialist,15065,4780,Trilia,Helsingborg
456,Elle,Card,ecardcn@skype.com,Female,Technical Writer,14735,4829,Latz,Nesebar
457,Mollee,Tredwell,mtredwellco@moonfruit.com,Female,Human Resources Assistant III,27428,4917,Yakijo,La Maná
458,Whitby,Lambert-Ciorwyn,wlambertciorwyncp@skyrock.com,Male,Administrative Assistant II,24975,4261,Realbuzz,Virje
459,Valentijn,Shurman,vshurmancq@ameblo.jp,Male,Speech Pathologist,3209,4106,Babbleset,Ārt Khwājah
460,Huberto,Roizin,hroizincr@reddit.com,Male,Legal Assistant,19365,4458,Oyoba,Kuncen
461,Audre,Klimus,aklimuscs@booking.com,Bigender,Automation Specialist I,13551,4516,Avamba,Manggu
462,Helen-elizabeth,Pafford,hpaffordct@photobucket.com,Female,GIS Technical Architect,27671,4099,Eare,Ḩammām Damt
463,Baron,Joplin,bjoplincu@last.fm,Male,Graphic Designer,3145,4427,Dablist,Pico da Pedra
464,Hube,Dreier,hdreiercv@latimes.com,Male,Business Systems Development Analyst,29322,4662,Browseblab,Pa Kham
465,Friederike,Esslemont,fesslemontcw@whitehouse.gov,Female,Data Coordinator,4329,4724,Skiptube,Echeng
466,Worth,Fensome,wfensomecx@issuu.com,Male,VP Sales,12616,4194,Skilith,Tegalsari
467,Donnie,Wynett,dwynettcy@stumbleupon.com,Male,Social Worker,27949,4983,Skinte,Qal‘eh-ye Khvājeh
468,Georgie,Nucci,gnuccicz@timesonline.co.uk,Bigender,Account Representative III,12533,4004,Kimia,Lailunggi
469,Angelique,Sima,asimad0@acquirethisname.com,Female,Assistant Professor,29232,4741,Topiczoom,Yongfeng
470,Clint,Orpin,corpind1@digg.com,Male,Director of Sales,12784,4914,Photospace,Baturinggit Kaja
471,Amelie,Vogel,avogeld2@networksolutions.com,Female,Nurse Practicioner,8402,4491,Miboo,Ljungby
472,Dur,Grovier,dgrovierd3@reverbnation.com,Male,Structural Engineer,8715,4818,Babblestorm,Oslo
473,Giffer,Rowland,growlandd4@bigcartel.com,Male,Teacher,19438,4808,Ntags,Darkovice
474,Leonidas,McGaw,lmcgawd5@tumblr.com,Male,Recruiting Manager,5740,4635,Skalith,Ivry-sur-Seine
475,Yancey,Phillip,yphillipd6@about.com,Male,Human Resources Manager,11770,4798,Brainbox,Alebtong
476,Zolly,Fairbeard,zfairbeardd7@amazon.co.uk,Male,Software Consultant,16558,4981,Fivechat,Tubungan
477,Sidney,Bedbury,sbedburyd8@dell.com,Male,Quality Control Specialist,15938,4351,Gigazoom,Libušín
478,Aurie,Judson,ajudsond9@twitpic.com,Female,Pharmacist,14337,4861,Ntag,Porto Real
479,Jacobo,McSaul,jmcsaulda@upenn.edu,Male,Nuclear Power Engineer,13642,4800,Skipfire,Tigarunggu
480,Verena,Todd,vtodddb@i2i.jp,Female,Human Resources Manager,3686,4490,Yodoo,Bulgan
481,Hyacintha,Hurton,hhurtondc@angelfire.com,Female,Senior Quality Engineer,13321,4669,Demizz,San Sebastian
482,Russell,Form,rformdd@1und1.de,Male,VP Product Management,14645,4978,Riffpath,Sungai
483,Megen,Maguire,mmaguirede@google.nl,Female,VP Sales,13694,4009,Vitz,Kauswagan
484,Pearle,Segeswoeth,psegeswoethdf@desdev.cn,Female,Sales Representative,28802,4502,Dynabox,Augusto Corrêa
485,Drake,Jadczak,djadczakdg@jiathis.com,Male,Nuclear Power Engineer,8153,4040,Quimm,Rio Real
486,Leland,Budgey,lbudgeydh@pagesperso-orange.fr,Male,Director of Sales,22126,4602,Katz,Ovruch
487,Krispin,Croizier,kcroizierdi@xrea.com,Male,Geological Engineer,9923,4407,Trupe,Tsiatsan
488,Anallise,Garner,agarnerdj@yale.edu,Female,Clinical Specialist,20642,4425,Centimia,Khadyzhensk
489,Pam,Benallack,pbenallackdk@rakuten.co.jp,Female,Environmental Specialist,16365,4833,Gabtype,Saint-Pierre
490,Gabie,Schollick,gschollickdl@etsy.com,Female,General Manager,19356,4386,Gabspot,La Soledad
491,Halimeda,MacDermot,hmacdermotdm@exblog.jp,Female,Budget/Accounting Analyst I,18421,4909,Wordtune,Sugiharjo
492,Egor,Ahearne,eahearnedn@bbc.co.uk,Non-binary,Structural Analysis Engineer,19594,4249,Wikido,Renfrew
493,Dory,Simnor,dsimnordo@sitemeter.com,Genderqueer,Dental Hygienist,11485,4413,Zazio,Waterbury
494,Rhys,Jillis,rjillisdp@w3.org,Male,Chief Design Engineer,11216,4169,Flipopia,São Brás de Alportel
495,Demetra,Caiger,dcaigerdq@wikia.com,Female,VP Accounting,8259,4185,Dazzlesphere,Jiangdulu
496,Lewiss,Bubeer,lbubeerdr@a8.net,Male,Professor,7376,4433,Kayveo,Paris 10
497,Niel,Ransome,nransomeds@shinystat.com,Male,Staff Accountant III,11021,4475,Photolist,Landivisiau
498,Kassey,Tidbury,ktidburydt@mashable.com,Female,Product Engineer,23162,4359,Skinder,Bungkal
499,Myrta,Mole,mmoledu@1688.com,Female,Product Engineer,27354,4499,Tazz,Laguna
500,Isabelle,Selwood,iselwooddv@harvard.edu,Female,Engineer I,12415,4655,Tagchat,Albany
501,Rosabel,Wastling,rwastlingdw@qq.com,Female,Web Developer II,9530,4487,Skippad,Cusco
502,Akim,Showte,ashowtedx@slideshare.net,Male,Automation Specialist I,4467,4703,Bubblebox,Cruzília
503,Coreen,Tilford,ctilforddy@pinterest.com,Female,General Manager,16633,4774,Cogibox,Loga
504,Irwin,Pagelsen,ipagelsendz@sitemeter.com,Male,Systems Administrator III,7973,4156,Yacero,Oklahoma City
505,Stirling,Hardware,shardwaree0@163.com,Male,Administrative Officer,21098,4686,Dabshots,Burqah
506,Marje,Lievesley,mlievesleye1@yelp.com,Genderqueer,Account Coordinator,13275,4537,Eare,Osório
507,Jess,Jennings,jjenningse2@indiatimes.com,Female,Business Systems Development Analyst,4633,4004,Voolia,Imus
508,Frederich,Davydkov,fdavydkove3@home.pl,Male,Compensation Analyst,4431,4196,Eimbee,Bor
509,Miof mela,Hufton,mhuftone4@mail.ru,Female,Developer IV,18695,4520,Realblab,Śródmieście
510,Jarad,Whellans,jwhellanse5@time.com,Male,Paralegal,26028,4665,Zoomlounge,Opechenskiy Posad
511,Geoff,Caldero,gcalderoe6@hexun.com,Male,Quality Engineer,11141,4547,Gabspot,Narach
512,Hasheem,Taylerson,htaylersone7@disqus.com,Male,Pharmacist,9044,4023,Agimba,Sosnovyy Bor
513,Chad,De Dantesie,cdedantesiee8@rediff.com,Female,Editor,12950,4568,Twimm,Tianyi
514,Cassie,Cristoferi,ccristoferie9@storify.com,Bigender,General Manager,20904,4803,Skinix,Chaniá
515,Octavia,Oslar,ooslarea@dmoz.org,Female,Help Desk Operator,23120,4064,Skimia,Lérida
516,Gerik,Muckleston,gmucklestoneb@linkedin.com,Male,Recruiting Manager,7846,4544,Fivespan,Luoxiong
517,Berkie,Ruppele,bruppeleec@marriott.com,Male,Computer Systems Analyst I,11842,4636,Brainbox,Santo Ângelo
518,Douglas,Jameson,djamesoned@sbwire.com,Male,Staff Scientist,26907,4771,Twimbo,Nakhabino
519,Dede,Westcott,dwestcottee@over-blog.com,Female,Data Coordinator,8375,4670,Zoombeat,Pakis
520,Devy,Downs,ddownsef@go.com,Male,Software Test Engineer III,4907,4436,Tagfeed,Humaitá
521,Gwyneth,Januszkiewicz,gjanuszkiewiczeg@noaa.gov,Female,Chief Design Engineer,18413,4701,Buzzshare,Aldeia da Bela Vista
522,Ninetta,Wailes,nwaileseh@issuu.com,Female,Quality Engineer,28510,4610,Demimbu,Janaka
523,Mariam,Toward,mtowardei@liveinternet.ru,Female,Human Resources Assistant III,29468,4619,Riffpath,El Calafate
524,Jessamine,Huc,jhucej@fotki.com,Female,Data Coordinator,19427,4476,Voonte,Hopetown
525,Cherice,Rix,crixek@go.com,Female,Geologist I,13559,4378,Rhynoodle,Tours
526,Denni,Ullock,dullockel@yandex.ru,Genderfluid,Dental Hygienist,4602,4971,Twitternation,Loncoche
527,Trudey,Mariault,tmariaultem@cornell.edu,Female,Help Desk Operator,29738,4985,Babblestorm,Isperikh
528,Ham,Fleis,hfleisen@canalblog.com,Male,VP Accounting,4023,4500,Wikizz,Longxing
529,Waylin,Briers,wbrierseo@unblog.fr,Male,Structural Engineer,16530,4571,Oyonder,Oklahoma City
530,Opalina,Noads,onoadsep@cdc.gov,Polygender,Biostatistician II,11901,4639,Twitterwire,Banhā
531,Ruthy,Worters,rworterseq@nbcnews.com,Female,Quality Control Specialist,29363,4124,Dabshots,Ishinomaki
532,Damien,Kiezler,dkiezlerer@usgs.gov,Male,Business Systems Development Analyst,5948,4605,Feednation,Seixas do Douro
533,Archy,Cuerdale,acuerdalees@netscape.com,Male,Senior Editor,3372,4958,Buzzster,Vardablur
534,Caterina,Ambroz,cambrozet@marriott.com,Female,Assistant Manager,14628,4466,Yodoo,Malin
535,Harris,Duckerin,hduckerineu@patch.com,Male,Biostatistician I,11672,4492,Tagfeed,Liangshan
536,Kira,Hustings,khustingsev@jugem.jp,Female,Accountant I,6786,4597,Browsebug,Ar Raqqah
537,Winston,Baglow,wbaglowew@bravesites.com,Male,Engineer II,9105,4901,Zoomlounge,Chennevières-sur-Marne
538,Thurstan,Irvin,tirvinex@fda.gov,Male,Budget/Accounting Analyst II,21987,4472,Livetube,Chrast
539,Niki,Minchindon,nminchindoney@hatena.ne.jp,Male,Graphic Designer,5424,4861,Voonyx,Harrismith
540,Gustie,McSkin,gmcskinez@accuweather.com,Genderfluid,Nurse,21639,4924,Zava,Maqiu
541,Modestia,Smalls,msmallsf0@dagondesign.com,Female,Senior Sales Associate,26421,4457,Feedspan,Fuwayriţ
542,Langsdon,Valde,lvaldef1@163.com,Male,Nurse Practicioner,5979,4191,Divape,Irvine
543,Bogart,Girdlestone,bgirdlestonef2@census.gov,Male,Senior Cost Accountant,24324,4690,Brightdog,Pôsto Fiscal Rolim de Moura
544,Birk,Mundell,bmundellf3@cisco.com,Male,Staff Accountant I,28628,4116,Skyndu,Bungtiang Barat
545,Julia,Cromly,jcromlyf4@pbs.org,Female,Analyst Programmer,24123,4245,Zoombox,Salvaleón de Higüey
546,Albertina,Rehm,arehmf5@deviantart.com,Female,Assistant Media Planner,25071,4209,Tekfly,Jishi
547,Gwennie,McConachie,gmcconachief6@google.de,Female,Tax Accountant,29088,4418,Mydeo,Rízoma
548,Drusie,Sweetlove,dsweetlovef7@github.io,Female,Cost Accountant,13765,4613,Yata,Independencia
549,Margareta,Itzcovich,mitzcovichf8@moonfruit.com,Female,Community Outreach Specialist,17576,4239,Demivee,Banjar Parekan
550,Caprice,Pontefract,cpontefractf9@thetimes.co.uk,Female,Quality Engineer,2594,4895,Flipbug,Krajan
551,Knox,Buret,kburetfa@123-reg.co.uk,Male,Geologist III,17030,4996,Rhyzio,Messíni
552,Edsel,Rollings,erollingsfb@vistaprint.com,Male,Editor,7716,4666,Layo,Rizal
553,Lena,Fontes,lfontesfc@oakley.com,Female,Social Worker,29378,4275,Avamba,Shiye
554,Thaxter,Royston,troystonfd@uol.com.br,Male,Environmental Tech,3141,4153,Buzzster,Sanshandao
555,Daren,Mattam,dmattamfe@slideshare.net,Male,Paralegal,14702,4757,Ntags,Denver
556,Nollie,Milson,nmilsonff@com.com,Male,Paralegal,28823,4683,Brightdog,Sparwood
557,Galvan,Mithan,gmithanfg@hibu.com,Male,Graphic Designer,11530,4493,Jaxspan,Lanyang
558,Marlin,Sieve,msievefh@squidoo.com,Male,Business Systems Development Analyst,6170,4292,Youbridge,Planaltina
559,Leona,Craister,lcraisterfi@bloomberg.com,Female,Account Executive,3272,4419,Roodel,Hejiadong
560,Falkner,Di Napoli,fdinapolifj@accuweather.com,Male,Project Manager,14106,4235,Chatterpoint,Boro Utara
561,Dugald,Soulsby,dsoulsbyfk@sakura.ne.jp,Male,Physical Therapy Assistant,14464,4764,Skajo,Zelmeņi
562,Hillary,Strelitz,hstrelitzfl@state.tx.us,Male,Human Resources Manager,18331,4511,Meedoo,Geidam
563,Mead,Matterson,mmattersonfm@theguardian.com,Genderfluid,Recruiter,29932,4353,Minyx,Zaječar
564,Carr,Whitfield,cwhitfieldfn@bandcamp.com,Male,Junior Executive,28657,4343,Yozio,Khotynets
565,Hobard,Bamlet,hbamletfo@theguardian.com,Bigender,Administrative Assistant III,28406,4902,Zava,Lirung
566,Corbett,Cake,ccakefp@blog.com,Male,Marketing Manager,4652,4666,Wordpedia,Borås
567,Reggis,Plain,rplainfq@psu.edu,Male,Pharmacist,11504,4479,Kwideo,Agra
568,Neille,Lazenby,nlazenbyfr@parallels.com,Female,Account Coordinator,7662,4522,Meevee,Radišići
569,Marijn,Boscher,mboscherfs@github.com,Male,Environmental Specialist,19757,4711,Wordpedia,Zhongtai
570,Steffie,Blackley,sblackleyft@1688.com,Female,Programmer Analyst III,12198,4127,Kaymbo,Shcherbinka
571,Elvina,Schulze,eschulzefu@gizmodo.com,Female,Senior Financial Analyst,7016,4122,Flipstorm,Dhaka
572,Michaelina,Brookes,mbrookesfv@yahoo.com,Female,Budget/Accounting Analyst IV,6325,4664,Bubblebox,Jiblah
573,Dara,Clapson,dclapsonfw@pbs.org,Female,Compensation Analyst,21836,4677,Rooxo,Sośnie
574,Frants,Jaeggi,fjaeggifx@youku.com,Agender,Desktop Support Technician,4200,4305,Blogspan,Volochys’k
575,Marlyn,Freckingham,mfreckinghamfy@omniture.com,Female,Paralegal,13701,4888,Leenti,Jingxi
576,Demetris,Gellett,dgellettfz@amazon.de,Male,Computer Systems Analyst III,9291,4574,Quamba,Oleksandrivka
577,Hillary,Bugg,hbuggg0@ask.com,Male,Research Nurse,26769,4596,Tagchat,Anzhero-Sudzhensk
578,Antoine,Sutherby,asutherbyg1@scientificamerican.com,Male,Chief Design Engineer,16479,4546,Yombu,Pyrgetós
579,Mellicent,Roiz,mroizg2@walmart.com,Female,Budget/Accounting Analyst I,19202,4133,Dynava,Hägersten
580,Yurik,Jobbing,yjobbingg3@hao123.com,Male,Dental Hygienist,9426,4103,Edgetag,Hushan
581,Bradley,Oloman,bolomang4@oakley.com,Male,Nuclear Power Engineer,5395,4737,Divanoodle,Bangxi
582,Cherie,Broadhurst,cbroadhurstg5@networksolutions.com,Female,Geologist I,23204,4414,Skynoodle,Gondang
583,My,Capey,mcapeyg6@dagondesign.com,Genderqueer,Recruiting Manager,15144,4643,Bluezoom,Shouzhan
584,Ashlen,Duffan,aduffang7@bbc.co.uk,Female,Teacher,13016,4917,Livetube,Tsubata
585,Fancy,Rookes,frookesg8@dailymotion.com,Female,Geological Engineer,13446,4930,Kare,Dumbéa
586,Dwayne,Woolston,dwoolstong9@stumbleupon.com,Male,Software Engineer IV,20516,4205,Vinder,Mangdang
587,Hannie,Scotchbourouge,hscotchbourougega@nifty.com,Female,Compensation Analyst,21050,4282,Vinte,Kalepasan
588,Cly,Scotsbrook,cscotsbrookgb@auda.org.au,Male,Compensation Analyst,15852,4982,Topdrive,Igang
589,Lincoln,Morrott,lmorrottgc@google.co.uk,Male,Executive Secretary,3661,4843,Trilith,Djibouti
590,Jillane,Nadin,jnadingd@nsw.gov.au,Female,Senior Sales Associate,18548,4423,Teklist,Gazimurskiy Zavod
591,Carlita,Courteney,ccourteneyge@oracle.com,Female,Editor,25541,4972,Gigaclub,Shanglian
592,Sher,Scrannage,sscrannagegf@rediff.com,Female,Director of Sales,18567,4837,Meembee,Tumcon Ilawod
593,Jammie,Billitteri,jbillitterigg@mit.edu,Female,Social Worker,5459,4497,Pixope,Sadabe
594,Noe,Agronski,nagronskigh@ezinearticles.com,Male,Software Test Engineer II,22458,4157,Brainsphere,Urug
595,Gino,Hanselmann,ghanselmanngi@hp.com,Male,Marketing Assistant,8921,4258,Oyoba,Rybnaya Sloboda
596,Ignazio,Laurenty,ilaurentygj@wordpress.org,Male,Web Designer IV,19349,4017,Skynoodle,Nogueira
597,Kyrstin,Beaudry,kbeaudrygk@admin.ch,Genderfluid,Geologist III,10407,4387,Devbug,Ladário
598,Cookie,Yearnsley,cyearnsleygl@usgs.gov,Female,Senior Editor,16315,4758,Voomm,Makiv
599,Craig,Gouldsmith,cgouldsmithgm@blogtalkradio.com,Genderqueer,Research Assistant IV,7745,4773,Photofeed,Hisai
600,Stevy,Havers,shaversgn@symantec.com,Male,Executive Secretary,24581,4113,Chatterpoint,Psychikó
601,Rania,Fairbanks,rfairbanksgo@intel.com,Female,VP Accounting,17376,4977,Gigashots,Gyumri
602,Ben,Newbigging,bnewbigginggp@huffingtonpost.com,Male,Quality Engineer,25662,4949,Trudoo,Vlycháda
603,Violetta,Malam,vmalamgq@narod.ru,Female,Senior Cost Accountant,19474,4745,Twinder,Solna
604,Sayers,Myers,smyersgr@google.com,Male,Environmental Tech,18341,4034,Livefish,Chambray-lès-Tours
605,Ax,Hugett,ahugettgs@addtoany.com,Male,Executive Secretary,23259,4055,Meemm,Abuxarda
606,Corinna,Wallman,cwallmangt@sbwire.com,Agender,Financial Analyst,16704,4112,Livepath,Golub-Dobrzyń
607,Jeane,Mitchley,jmitchleygu@elpais.com,Female,Programmer Analyst II,13667,4615,Skimia,Mulyo
608,Esta,Meers,emeersgv@apple.com,Female,Operator,18907,4093,Skivee,Wang Noi
609,Hagan,Matiashvili,hmatiashviligw@paginegialle.it,Male,Assistant Manager,22790,4167,Twitterworks,Kuje
610,Ramsey,Gleadhall,rgleadhallgx@examiner.com,Male,Community Outreach Specialist,21671,4074,Devcast,Majagual
611,Evelin,Ladon,eladongy@biglobe.ne.jp,Agender,Geologist I,4864,4036,Tagpad,Xinshancun
612,Wilmer,Gwilliams,wgwilliamsgz@cpanel.net,Male,Quality Control Specialist,9559,4958,Browseblab,Xiaruyue
613,Sharity,Milsom,smilsomh0@addthis.com,Female,Professor,4535,4366,Thoughtworks,Lapai
614,Ron,Kelberer,rkelbererh1@lulu.com,Male,Senior Editor,3532,4492,Kazio,Fangfan
615,Hart,Du Plantier,hduplantierh2@oaic.gov.au,Male,Associate Professor,13951,4982,Zooxo,Jinling
616,Wilow,Phinnis,wphinnish3@opera.com,Female,Web Designer IV,27626,4958,Thoughtbeat,Trindade
617,Lorens,Hayle,lhayleh4@amazon.de,Male,Senior Financial Analyst,21673,4857,Camido,La Libertad
618,Mari,Bourley,mbourleyh5@soup.io,Female,Information Systems Manager,2533,4734,Zoonoodle,Yingjiang
619,Chrystel,Whittington,cwhittingtonh6@earthlink.net,Female,Project Manager,16309,4676,Eayo,Roblin
620,Ailina,Phillis,aphillish7@jimdo.com,Female,Legal Assistant,20559,4731,Oloo,Zhoukou
621,Rosy,Whitehouse,rwhitehouseh8@icio.us,Female,Programmer III,20258,4425,Twitterbridge,Puconci
622,Edd,Sayce,esayceh9@examiner.com,Male,Quality Engineer,8001,4853,Oodoo,Tuohua
623,Ramonda,Angear,rangearha@angelfire.com,Female,Project Manager,17799,4784,Blognation,Kohāt
624,Athene,Smetoun,asmetounhb@gravatar.com,Female,Graphic Designer,20720,4927,Skiptube,Andorinha
625,Ricky,Gypson,rgypsonhc@paginegialle.it,Male,Structural Engineer,10062,4233,Skipfire,Valencia
626,Cordy,Van der Velde,cvanderveldehd@go.com,Male,Assistant Professor,17046,4580,Devshare,Santol
627,Pooh,Strain,pstrainhe@google.cn,Male,Speech Pathologist,25964,4870,Tazzy,Malasila
628,Mattias,Nye,mnyehf@behance.net,Male,Data Coordinator,23013,4529,Podcat,San Vicente
629,Lorenzo,Belch,lbelchhg@amazon.co.uk,Male,Computer Systems Analyst IV,21904,4936,Vipe,Samanggen
630,Tani,Boyan,tboyanhh@mozilla.com,Female,Office Assistant III,17751,4244,Linkbridge,Susoh
631,Tamarra,MacWhan,tmacwhanhi@51.la,Female,Help Desk Operator,6729,4617,Photobug,Shah Alam
632,Lief,Garie,lgariehj@psu.edu,Male,Social Worker,24658,4943,Ainyx,Kishkenekol’
633,Porty,Gettens,pgettenshk@dagondesign.com,Male,Speech Pathologist,17646,4468,Kare,Condoroma
634,Donnie,Deignan,ddeignanhl@creativecommons.org,Male,Operator,15735,4658,Eazzy,Perpignan
635,Dev,Grabham,dgrabhamhm@mozilla.com,Polygender,Editor,12331,4570,Riffpedia,Pirané
636,Kellby,Beldan,kbeldanhn@51.la,Male,Media Manager IV,27910,4188,Reallinks,Himaya
637,Nesta,Starsmore,nstarsmoreho@4shared.com,Female,Electrical Engineer,11849,4846,Demizz,Siumate
638,Lucy,Mulroy,lmulroyhp@ustream.tv,Female,Project Manager,9877,4155,Cogidoo,Ilyich
639,Shandee,Ambrogi,sambrogihq@bizjournals.com,Polygender,Registered Nurse,5119,4362,Buzzbean,Coasa
640,Eduardo,Dowley,edowleyhr@fda.gov,Male,Electrical Engineer,12656,4775,Tagfeed,Khashuri
641,Ollie,Hacquel,ohacquelhs@naver.com,Male,Senior Quality Engineer,26682,4785,Gabtune,Rurrenabaque
642,Gisella,Cossem,gcossemht@tuttocitta.it,Genderqueer,Paralegal,29021,4957,Skajo,Cela
643,Valentine,Gordon,vgordonhu@people.com.cn,Female,Graphic Designer,21425,4462,Avavee,Marston
644,Cassi,Sharvell,csharvellhv@51.la,Female,Structural Analysis Engineer,22808,4722,Blogpad,Zhongba
645,Sim,Osinin,sosininhw@psu.edu,Male,VP Sales,28512,4446,Jetpulse,Cabak Satu
646,Ladonna,Wastie,lwastiehx@cocolog-nifty.com,Female,Assistant Media Planner,18754,4605,Skidoo,Kargasok
647,Denny,Waddilow,dwaddilowhy@japanpost.jp,Male,Recruiting Manager,7106,4432,Snaptags,Pietà
648,Nell,Gerrets,ngerretshz@cbsnews.com,Female,Office Assistant IV,6365,4912,Bubblebox,Druzhba
649,Camile,Causer,ccauseri0@mediafire.com,Female,Financial Advisor,10664,4537,Eidel,Sukawening
650,Quintus,Shorie,qshoriei1@angelfire.com,Male,Chemical Engineer,17993,4192,Yodoo,Xindeng
651,Elwira,Sessions,esessionsi2@nifty.com,Genderqueer,Programmer II,20927,4788,Avamm,Morales
652,Bendite,Rhead,brheadi3@soup.io,Female,Help Desk Operator,6755,4390,Realfire,Maurole
653,Cordy,Dunsmuir,cdunsmuiri4@senate.gov,Male,Social Worker,17947,4745,Twiyo,Yimnón
654,Suzanne,Braga,sbragai5@stanford.edu,Female,Programmer Analyst III,27889,4895,Izio,Port-de-Bouc
655,Odilia,Finlator,ofinlatori6@homestead.com,Female,General Manager,23037,4542,Quimba,Frýdlant
656,Chrissy,Belfelt,cbelfelti7@hp.com,Male,Budget/Accounting Analyst I,16896,4119,Dynabox,Zhongbao
657,Pierson,Worshall,pworshalli8@wufoo.com,Male,Programmer Analyst III,17325,4892,Agimba,Rueil-Malmaison
658,Miner,Cosgrive,mcosgrivei9@japanpost.jp,Male,Legal Assistant,4582,4447,Buzzster,Shangqing
659,Brynne,Derle,bderleia@amazon.co.uk,Female,Pharmacist,13530,4206,Lajo,Paris 14
660,Ibbie,Cosford,icosfordib@about.me,Agender,Programmer IV,7768,4802,Agivu,Okuta
661,Guenna,Harmeston,gharmestonic@abc.net.au,Female,Nurse Practicioner,3551,4625,Mudo,Ḩātim
662,Guinevere,Abeau,gabeauid@dailymotion.com,Female,Programmer Analyst IV,18082,4915,Kazio,Gaotieling
663,Briana,Irons,bironsie@unicef.org,Female,Professor,28684,4482,Livepath,Berezivka
664,Kori,Jurca,kjurcaif@boston.com,Female,Physical Therapy Assistant,19933,4654,Voonix,Mostovskoy
665,Erminia,Witchell,ewitchellig@whitehouse.gov,Female,Financial Analyst,4329,4759,Jaloo,Delson
666,Auria,Agge,aaggeih@census.gov,Female,Recruiter,10461,4454,Babbleblab,Shahr-e Bābak
667,Lyman,Guisot,lguisotii@cam.ac.uk,Male,Chemical Engineer,15427,4671,Jabbersphere,Esquipulas
668,Pandora,Matzl,pmatzlij@bloglovin.com,Female,Pharmacist,28639,4962,Oozz,Codó
669,Reinold,Dyball,rdyballik@wordpress.org,Male,GIS Technical Architect,22026,4684,Avaveo,Halinów
670,Dorette,Sisnett,dsisnettil@mozilla.com,Female,Help Desk Operator,17134,4018,Twiyo,Suwalan
671,Bud,Mival,bmivalim@europa.eu,Male,Accountant III,27444,4914,Wikizz,Gaotaizi
672,Diane,Thame,dthamein@china.com.cn,Female,Structural Engineer,8058,4534,Voolith,Tanxi
673,Sharlene,Freake,sfreakeio@vkontakte.ru,Female,Senior Quality Engineer,10373,4218,Topiczoom,Allen
674,Collin,Baltrushaitis,cbaltrushaitisip@last.fm,Male,Senior Developer,7439,4088,Oyope,Asykata
675,Georgina,Hayler,ghayleriq@pagesperso-orange.fr,Female,VP Sales,24495,4080,Agimba,Inuvik
676,Korney,Morcombe,kmorcombeir@cdbaby.com,Female,Help Desk Operator,9160,4345,Kanoodle,Tagkawayan Sabang
677,Ermentrude,Guise,eguiseis@reverbnation.com,Female,Product Engineer,22624,4560,Linklinks,Rancaerang
678,Fred,Rijkeseis,frijkeseisit@adobe.com,Male,Software Engineer IV,29382,4092,Mudo,Ehen Hudag
679,Frazer,Luppitt,fluppittiu@deliciousdays.com,Male,Developer I,18843,4329,Vidoo,Carauari
680,Melamie,Richardsson,mrichardssoniv@toplist.cz,Female,Tax Accountant,19185,4985,Centimia,Paris 13
681,Chandler,Hurrion,churrioniw@google.com.hk,Male,Director of Sales,16778,4132,Trupe,Krajan
682,Jerrie,Gors,jgorsix@cdbaby.com,Male,Engineer III,21495,4286,Demizz,Đồng Mỏ
683,Janina,Huett,jhuettiy@hud.gov,Female,Social Worker,25474,4537,Gigabox,Rameshki
684,June,Honnan,jhonnaniz@istockphoto.com,Female,Community Outreach Specialist,24760,4271,Camido,Växjö
685,Marillin,Rabbet,mrabbetj0@ftc.gov,Female,Occupational Therapist,29854,4242,Reallinks,Floriana
686,Branden,Sille,bsillej1@weibo.com,Male,Marketing Manager,21664,4511,Oyondu,Lukou
687,Dud,Yorkston,dyorkstonj2@4shared.com,Male,Clinical Specialist,22918,4830,Yamia,Changyuan
688,Rriocard,Enrico,renricoj3@scribd.com,Male,Help Desk Operator,8318,4663,Blogpad,Herby
689,Kennie,Joint,kjointj4@nytimes.com,Male,VP Product Management,6094,4854,Wordware,Xaçmaz
690,Cameron,Probat,cprobatj5@ucsd.edu,Male,Financial Analyst,6957,4958,Rooxo,Idritsa
691,Joleen,Greatbatch,jgreatbatchj6@berkeley.edu,Agender,Associate Professor,25685,4638,Quimm,Shatoja
692,Issiah,Storres,istorresj7@networkadvertising.org,Male,Recruiter,7437,4752,Oyoloo,Timon
693,Garnet,Purkiss,gpurkissj8@imageshack.us,Female,Software Engineer III,9293,4613,Bluejam,Cuenca
694,Nina,Baudrey,nbaudreyj9@phpbb.com,Female,Associate Professor,23084,4454,Photojam,Korhogo
695,Thane,McKue,tmckueja@boston.com,Male,Business Systems Development Analyst,3538,4801,Feednation,Boketu
696,Evvie,Noyes,enoyesjb@nih.gov,Female,Administrative Officer,23167,4732,Twimm,Mingshui
697,Sawyere,Dakhno,sdakhnojc@msu.edu,Male,Senior Editor,16677,4774,Camimbo,N'Djamena
698,Hestia,Terbeek,hterbeekjd@1688.com,Female,Registered Nurse,27635,4486,Oyondu,Shishang
699,Tilda,Zaple,tzapleje@businessweek.com,Female,Director of Sales,6080,4505,Realpoint,Armash
700,Horacio,Pressey,hpresseyjf@rediff.com,Male,GIS Technical Architect,11951,4707,Mycat,Minapan
701,Emili,Tolley,etolleyjg@nasa.gov,Female,Cost Accountant,12670,4632,Mydeo,Huiwen
702,Caldwell,Tregaskis,ctregaskisjh@woothemes.com,Male,Registered Nurse,24901,4512,Brainsphere,Pamanukan
703,Christa,Kohen,ckohenji@ihg.com,Female,Chemical Engineer,10191,4750,Livetube,Karara
704,Gilbertina,Huffy,ghuffyjj@nps.gov,Female,Safety Technician I,23189,4325,Izio,Gävle
705,Pris,Dreier,pdreierjk@mail.ru,Agender,Accountant III,10339,4190,Kimia,Czarnożyły
706,Nonna,Toffolo,ntoffolojl@ibm.com,Female,Product Engineer,14155,4012,Meejo,Chapultepec
707,Alexandre,Murty,amurtyjm@wsj.com,Male,Accounting Assistant III,19945,4198,Snaptags,Maswarah
708,Bernete,Reary,brearyjn@hhs.gov,Female,Software Engineer II,14715,4966,Aimbu,Macia
709,Bondon,Blything,bblythingjo@domainmarket.com,Male,Data Coordinator,24449,4355,Oyoba,Tyoply Stan
710,Nelly,Bachmann,nbachmannjp@scientificamerican.com,Female,Data Coordinator,14541,4873,Blogspan,Yisa
711,Linoel,Rogerot,lrogerotjq@vimeo.com,Male,Chemical Engineer,9859,4590,Browsecat,Oussivo
712,Ulysses,Attryde,uattrydejr@mayoclinic.com,Male,Social Worker,5247,4704,Voonyx,Baz
713,Homere,Hazeldene,hhazeldenejs@furl.net,Male,Actuary,28118,4647,Topicstorm,Logung
714,Ediva,Luckings,eluckingsjt@goodreads.com,Female,Executive Secretary,3023,4688,Demivee,Tai’an
715,Lorant,Le Strange,llestrangeju@reddit.com,Male,Programmer Analyst III,25445,4324,Dynava,Songhu
716,Pierre,Bott,pbottjv@mail.ru,Male,Professor,20289,4408,Tagtune,Tournavista
717,Denver,Keay,dkeayjw@sbwire.com,Male,Geologist III,24447,4961,Photojam,Sosnovyy Bor
718,Vita,MacCleay,vmaccleayjx@pagesperso-orange.fr,Female,VP Quality Control,4271,4374,Pixonyx,Stęszew
719,Cameron,Blakebrough,cblakebroughjy@skyrock.com,Male,Registered Nurse,20765,4638,Yata,Penco
720,Jarrid,Beldan,jbeldanjz@cyberchimps.com,Male,Information Systems Manager,28859,4929,Dabvine,Moste
721,Dore,Milksop,dmilksopk0@phpbb.com,Male,Account Representative I,6230,4932,Jamia,Xuji
722,Shanda,Snoad,ssnoadk1@microsoft.com,Female,Information Systems Manager,6821,4783,Tagtune,Sewon
723,Mercedes,Beall,mbeallk2@infoseek.co.jp,Female,VP Accounting,6637,4172,Tagchat,Kitale
724,Findley,Renvoise,frenvoisek3@free.fr,Male,Social Worker,8100,4969,Skipfire,Santa Rosa
725,Clemence,Burston,cburstonk4@disqus.com,Bigender,Health Coach III,3432,4622,Divape,Liudaogou
726,Olivia,St. Quintin,ostquintink5@nih.gov,Female,Staff Scientist,23578,4559,Divavu,Hoorn
727,Kailey,Gingles,kginglesk6@g.co,Female,Structural Engineer,16615,4566,Buzzbean,Datong
728,Tristam,Kubecka,tkubeckak7@rambler.ru,Male,Assistant Professor,9754,4227,Kwilith,Pirca
729,Alexine,Claricoates,aclaricoatesk8@census.gov,Female,Electrical Engineer,26409,4213,Eadel,Palotina
730,Lilia,Kliemann,lkliemannk9@jalbum.net,Female,Environmental Specialist,5739,4300,Mymm,Agios Dimitrios
731,Fair,Godfray,fgodfrayka@fastcompany.com,Male,Design Engineer,26002,4559,Twinte,Rýmařov
732,Dallis,Kobke,dkobkekb@hibu.com,Male,Staff Scientist,29097,4961,Blogtags,Talovyy
733,Hale,Hessay,hhessaykc@stanford.edu,Male,Quality Engineer,27603,4218,Dabtype,Laspezia
734,Devin,Neat,dneatkd@gnu.org,Genderfluid,Assistant Manager,23854,4622,Trunyx,Tangjian
735,Ario,Lettice,aletticeke@ow.ly,Male,Electrical Engineer,17252,4893,Youtags,Vyksa
736,Henrik,Prando,hprandokf@loc.gov,Male,GIS Technical Architect,17437,4452,Linkbridge,Qindu
737,Fleming,Chatteris,fchatteriskg@mit.edu,Male,Software Consultant,10837,4761,Dynava,Mangli
738,Kaile,Vela,kvelakh@wp.com,Female,Account Executive,15919,4931,Fivechat,Chojnice
739,Andromache,Aikenhead,aaikenheadki@princeton.edu,Female,Web Developer II,4096,4486,Rhyzio,Kallithéa
740,Carrie,Chaudhry,cchaudhrykj@hatena.ne.jp,Female,Operator,18420,4728,Yakidoo,Dzików Stary
741,Ediva,Bane,ebanekk@apple.com,Genderfluid,Computer Systems Analyst I,29170,4239,Twinder,Zall-Herr
742,Danie,Dilliston,ddillistonkl@china.com.cn,Genderfluid,Web Designer IV,27574,4101,Avamba,Lindavista
743,Jerome,Galilee,jgalileekm@123-reg.co.uk,Male,Senior Developer,16877,4715,Skippad,Kosamphi Nakhon
744,Dante,Pennyman,dpennymankn@xing.com,Male,Actuary,24531,4817,Skipfire,Jiudu
745,Osborn,Flescher,oflescherko@amazon.co.jp,Male,Web Designer II,20781,4485,Rhynoodle,Libertad
746,Charlie,Siemon,csiemonkp@samsung.com,Male,Editor,5444,4605,Tagchat,Skwierzyna
747,Myriam,Pagelsen,mpagelsenkq@instagram.com,Female,Environmental Specialist,21140,4860,Janyx,Shymkent
748,Kennan,Lashbrook,klashbrookkr@wisc.edu,Male,Environmental Tech,2615,4236,Devcast,Dabachang
749,Rosalinde,Bentall,rbentallks@wp.com,Female,Web Developer II,7132,4096,Jaxspan,Nunmanu
750,Grissel,Pointer,gpointerkt@blog.com,Polygender,Assistant Media Planner,3857,4817,Quimba,Shabel’skoye
751,Jorie,Springer,jspringerku@lycos.com,Female,Research Associate,10968,4366,Dazzlesphere,Miratejo
752,Tris,Winterbourne,twinterbournekv@epa.gov,Male,Physical Therapy Assistant,25766,4492,Voonte,Ô Môn
753,Reuben,Izkovici,rizkovicikw@mapy.cz,Male,Senior Quality Engineer,18996,4919,Rooxo,Cigeulis
754,Penrod,Rennels,prennelskx@netlog.com,Male,Teacher,15754,4211,Twimm,Zhongshan Donglu
755,Duffy,Newby,dnewbyky@usa.gov,Male,Engineer IV,21610,4817,Photobug,Montor Timur
756,Tiffany,Cockitt,tcockittkz@amazon.co.uk,Female,Accounting Assistant I,26294,4367,Podcat,Yuncheng
757,Nels,Arnot,narnotl0@phoca.cz,Genderqueer,Developer IV,29392,4230,BlogXS,Tân Châu
758,Consalve,Rosini,crosinil1@yahoo.com,Male,Food Chemist,24797,4792,Skimia,Ipauçu
759,Ellis,Thackham,ethackhaml2@si.edu,Male,Recruiting Manager,27397,4306,Youspan,Xin’an
760,Eal,Clarkson,eclarksonl3@nsw.gov.au,Male,Actuary,23712,4748,Meevee,Xiabao
761,Garwin,Andreone,gandreonel4@tiny.cc,Male,Editor,24806,4756,Pixonyx,Krajan Selatan
762,Ingram,Bayle,ibaylel5@tripod.com,Male,Librarian,5997,4465,Quire,Carhué
763,Cassy,Coffelt,ccoffeltl6@slate.com,Female,Cost Accountant,19640,4560,Mydo,Bagikkedok Lauk
764,Jayne,Lenden,jlendenl7@geocities.jp,Female,Sales Associate,9679,5000,Shufflester,Bebae
765,Nicola,Barlie,nbarliel8@simplemachines.org,Male,Senior Financial Analyst,17799,4292,Lazz,Pnikut
766,Morton,Muckart,mmuckartl9@elpais.com,Male,Director of Sales,20339,4988,Photobug,Kolomyagi
767,Alex,Ondrusek,aondrusekla@gnu.org,Male,Food Chemist,4555,4356,Mynte,São Paio de Gramaços
768,Fina,Crampsey,fcrampseylb@multiply.com,Female,Technical Writer,21052,4331,Myworks,Kamenický Šenov
769,Deloris,Seals,dsealslc@yolasite.com,Female,Payment Adjustment Coordinator,13058,4269,Zazio,Shanting
770,Carley,Pilkinton,cpilkintonld@xrea.com,Female,Desktop Support Technician,10441,4331,Yodoo,Sukatani
771,Neel,Hickeringill,nhickeringillle@imgur.com,Genderqueer,Nurse,23394,4938,Eayo,Shenglilu
772,Quincey,Corbishley,qcorbishleylf@oaic.gov.au,Male,Accountant I,28867,4592,Tazzy,Duko
773,Padraic,Scottrell,pscottrelllg@fotki.com,Male,Automation Specialist II,7375,4296,Dazzlesphere,Abovyan
774,Vinnie,Canny,vcannylh@seattletimes.com,Male,Clinical Specialist,15117,4006,Ntag,Darnah
775,Gus,Philips,gphilipsli@ft.com,Female,Civil Engineer,27666,4647,Layo,Panji
776,Buddy,Middle,bmiddlelj@walmart.com,Male,Senior Sales Associate,26890,4050,Zoozzy,Hengshan
777,Jinny,Thirwell,jthirwelllk@bizjournals.com,Female,Cost Accountant,3303,4565,Yodoo,Ngala
778,Harlen,Ledgard,hledgardll@dmoz.org,Male,Clinical Specialist,23079,4031,Thoughtbridge,Casisang
779,Rabi,Hellmore,rhellmorelm@creativecommons.org,Male,Web Designer III,5584,4395,Bubbletube,Akhfennir
780,Jamie,Taylder,jtaylderln@webmd.com,Male,Compensation Analyst,26272,4300,Jaxnation,Mishima
781,Ebonee,Longcaster,elongcasterlo@ezinearticles.com,Female,Clinical Specialist,14981,4766,Gigaclub,Mellieħa
782,Adoree,McTurley,amcturleylp@dailymotion.com,Female,VP Marketing,16914,4920,Flashpoint,Petaẖ Tiqwa
783,Bernadette,Vautin,bvautinlq@census.gov,Female,Web Designer II,27996,4941,DabZ,Nova Olímpia
784,Giuditta,Poleykett,gpoleykettlr@oaic.gov.au,Female,Junior Executive,9862,4789,Brainsphere,Waśniów
785,Julio,Pidler,jpidlerls@shareasale.com,Male,Operator,27864,4999,Skalith,Guataquí
786,King,Dennison,kdennisonlt@vimeo.com,Male,Nurse,18696,4364,JumpXS,Salcedo
787,Rowland,Zecchinelli,rzecchinellilu@bloomberg.com,Male,Cost Accountant,10394,4743,Leenti,Shuidong
788,Chad,Allinson,callinsonlv@youtu.be,Genderqueer,Data Coordinator,13454,4679,Oyoyo,Marsabit
789,Nettie,Tether,ntetherlw@hud.gov,Female,Mechanical Systems Engineer,13793,4589,Skibox,Middelburg
790,Harley,Handaside,hhandasidelx@dmoz.org,Female,Analyst Programmer,11544,4005,Oyoyo,Petrozavodsk
791,Cyndy,Vaudin,cvaudinly@dailymotion.com,Female,Executive Secretary,10207,4588,Brainsphere,Shaba Zhen
792,Liliane,McCard,lmccardlz@studiopress.com,Non-binary,Physical Therapy Assistant,11235,4466,Oba,Mizhuang
793,Barnebas,Dable,bdablem0@state.gov,Male,Tax Accountant,15396,4756,Snaptags,Halong
794,Billy,Ley,bleym1@yelp.com,Female,Staff Accountant IV,19563,4690,Quamba,El Porvenir
795,Nonie,Hexter,nhexterm2@yellowbook.com,Female,Safety Technician III,29334,4560,Dabfeed,Roanne
796,Hurley,O'Kane,hokanem3@cdbaby.com,Male,Registered Nurse,15286,4000,Oloo,Jardim
797,Katti,Bondesen,kbondesenm4@msu.edu,Female,Environmental Tech,21314,4317,Trilia,Punsu
798,Lorant,Maple,lmaplem5@hugedomains.com,Male,Biostatistician II,8570,4300,Trilia,Klumbu
799,Dusty,Hapke,dhapkem6@nytimes.com,Female,Assistant Professor,8750,4727,Browsetype,Medang
800,Penny,MacCarrick,pmaccarrickm7@yolasite.com,Male,Quality Control Specialist,25145,4747,Meevee,Coulommiers
801,Jeannie,Sapshed,jsapshedm8@elpais.com,Female,Research Associate,23255,4909,Babblestorm,Margasari
802,Jennie,Dairton,jdairtonm9@senate.gov,Female,Associate Professor,19302,4648,Bubblemix,Masiga
803,Otto,Scandrite,oscandritema@earthlink.net,Male,Media Manager I,7193,4769,Buzzbean,Estribeiro
804,Prescott,Danne,pdannemb@paypal.com,Male,Human Resources Assistant II,28681,4055,Photobug,Lanuza
805,Hildy,Merfin,hmerfinmc@i2i.jp,Female,Database Administrator IV,8499,4950,Geba,Fanhu
806,Hestia,Samwaye,hsamwayemd@wisc.edu,Female,Chief Design Engineer,14280,4217,Flipstorm,Seixal
807,Jecho,Drillingcourt,jdrillingcourtme@zimbio.com,Male,Software Test Engineer IV,7242,4288,Plajo,Baiquesi
808,Lenna,Morrieson,lmorriesonmf@ucsd.edu,Polygender,Help Desk Operator,21696,4291,Vinte,Moss
809,Kasper,Mandel,kmandelmg@indiatimes.com,Male,Software Test Engineer II,4022,4761,Thoughtstorm,Semiluki
810,Branden,Cubbini,bcubbinimh@dell.com,Male,Assistant Manager,5278,4112,InnoZ,Mislak
811,Devin,Runham,drunhammi@mapquest.com,Female,Automation Specialist II,22342,4667,Mymm,‘Arīshah
812,Saundra,Ellcome,sellcomemj@discovery.com,Female,Electrical Engineer,7781,4338,Skipfire,Galaz
813,Barri,Semmence,bsemmencemk@issuu.com,Male,Account Representative II,6728,4729,Topicware,Aubagne
814,Olympe,Morriss,omorrissml@so-net.ne.jp,Polygender,Account Representative IV,12608,4403,Trilia,Kedungwringin Satu
815,Desirae,Medcraft,dmedcraftmm@dot.gov,Female,Social Worker,12860,4784,Rhyloo,Villa Las Rosas
816,Josiah,Decent,jdecentmn@so-net.ne.jp,Male,Product Engineer,21062,4733,Yoveo,Leran
817,Merla,Sommerville,msommervillemo@engadget.com,Female,Recruiting Manager,19595,4439,Bluezoom,Yashio-shi
818,Laina,Dorricott,ldorricottmp@fema.gov,Female,Senior Editor,14223,4505,Oyoba,Mardzad
819,Bastian,Bedding,bbeddingmq@google.de,Male,Office Assistant I,24793,4691,Jamia,Kakamega
820,Duffy,Prine,dprinemr@java.com,Male,General Manager,8552,4983,Zoonder,Bétérou
821,Jeromy,Kimbrey,jkimbreyms@shop-pro.jp,Male,Staff Scientist,20737,4776,Zoozzy,Fengshan
822,Agustin,Thorrold,athorroldmt@flavors.me,Male,Research Assistant I,24199,4210,Jabbercube,Glushkovo
823,Patricia,Southerden,psoutherdenmu@ucoz.ru,Female,Media Manager II,7106,4378,Digitube,Tours
824,Arda,Assante,aassantemv@discuz.net,Female,Senior Developer,11095,4180,Eire,Middelburg
825,Roosevelt,Yerlett,ryerlettmw@qq.com,Male,Social Worker,18886,4036,Kwilith,San Pedro Masahuat
826,Andre,Duer,aduermx@time.com,Male,VP Product Management,13081,4583,Jabberstorm,Obrera
827,Brear,Charon,bcharonmy@wufoo.com,Genderqueer,Quality Engineer,13610,4539,Photobean,Carletonville
828,Gabriella,Collcott,gcollcottmz@theguardian.com,Female,GIS Technical Architect,23133,4068,Dablist,Nuing
829,Maryanna,Whyatt,mwhyattn0@salon.com,Female,Nuclear Power Engineer,22091,4738,Miboo,San Antonio
830,Hillie,Harrington,hharringtonn1@cpanel.net,Male,Assistant Media Planner,25605,4440,DabZ,Tapel
831,Tabbi,Kintish,tkintishn2@bigcartel.com,Female,Social Worker,11290,4776,Devshare,Saint-Brieuc
832,Roxine,Hawkeswood,rhawkeswoodn3@parallels.com,Female,Analog Circuit Design manager,23986,4800,Meejo,Malilipot
833,Fawnia,Waldie,fwaldien4@1688.com,Female,Desktop Support Technician,23606,4700,Voonder,Baiquesi
834,Alexandros,Ibel,aibeln5@infoseek.co.jp,Male,Director of Sales,6359,4950,Shuffletag,Louisville
835,Ophelie,Ferns,ofernsn6@ftc.gov,Female,Accounting Assistant I,12570,4873,Thoughtbridge,Karanggedang
836,Codie,Rettie,crettien7@google.ru,Female,Computer Systems Analyst II,26202,4698,Thoughtmix,Beizhang
837,Wilie,McCrainor,wmccrainorn8@cmu.edu,Female,Director of Sales,18697,4891,Zoomdog,Kolyvan’
838,Joye,Hayton,jhaytonn9@wordpress.com,Female,Research Associate,24448,4461,Oba,Tieremu
839,Conrad,Trevaskus,ctrevaskusna@godaddy.com,Male,Clinical Specialist,14889,4216,Gabspot,Lyubeshiv
840,Willie,Abbes,wabbesnb@pbs.org,Female,Web Designer I,3060,4225,Mydeo,Krasnyy Yar
841,Vernor,Lipgens,vlipgensnc@blogger.com,Male,Database Administrator III,6575,4712,Zoovu,Malé Svatoňovice
842,Karyl,Bouts,kboutsnd@whitehouse.gov,Female,Tax Accountant,7139,4282,Dabvine,Alicia
843,Ulrike,Fryett,ufryettne@deviantart.com,Female,VP Quality Control,10558,4386,Voomm,Akhfennir
844,Kevon,Arnould,karnouldnf@homestead.com,Male,Dental Hygienist,27097,4591,Skyble,Babakanlapang
845,Susanna,Figurski,sfigursking@mysql.com,Female,Nurse Practicioner,4705,4610,Yakidoo,Wangtuan
846,Lilli,Borgnol,lborgnolnh@gnu.org,Female,Staff Scientist,12762,4267,Brainbox,Eldoret
847,Chancey,Pethick,cpethickni@friendfeed.com,Male,Tax Accountant,16646,4238,Jayo,‘Ibwayn
848,Hanna,Veelers,hveelersnj@senate.gov,Female,Actuary,3483,4138,Gigaclub,Ouahigouya
849,Correy,Fitchen,cfitchennk@last.fm,Genderqueer,Occupational Therapist,4292,4974,Livefish,Potikosin
850,Valentino,Wale,vwalenl@thetimes.co.uk,Male,Operator,16271,4379,Roomm,Nässjö
851,Morlee,Stoodley,mstoodleynm@slideshare.net,Male,Structural Analysis Engineer,24020,4402,Twinder,Rizal
852,Parke,Dilger,pdilgernn@statcounter.com,Male,Recruiter,24516,4066,Mycat,Val-de-Reuil
853,Hedwig,Palfreeman,hpalfreemanno@odnoklassniki.ru,Female,Compensation Analyst,21216,4896,Fivechat,Yanghong
854,Joete,Gallone,jgallonenp@yellowpages.com,Female,Chemical Engineer,13246,4159,Ntags,Adiwerna
855,Obed,Oland,oolandnq@google.com.hk,Male,Registered Nurse,26370,4488,Feedbug,Kelapa
856,Orel,Glyde,oglydenr@blogspot.com,Female,Biostatistician I,10158,4005,Blognation,Banjar Sembunggede
857,Clemence,Ruggles,crugglesns@soup.io,Female,GIS Technical Architect,20067,4275,Blognation,Tampakan
858,Valli,Twatt,vtwattnt@phoca.cz,Female,Software Consultant,4076,4077,Jetwire,Zaymishche
859,Ennis,Cantu,ecantunu@gov.uk,Male,Recruiter,23276,4163,Tagpad,Reda
860,Ashley,Wyldish,awyldishnv@arizona.edu,Female,Software Consultant,28158,4390,Edgeblab,Newark
861,Harriott,Klemencic,hklemencicnw@shop-pro.jp,Female,Biostatistician IV,4642,4378,Trudeo,São José de Ribamar
862,Theodor,Smalley,tsmalleynx@reuters.com,Male,Recruiter,27995,4823,Meetz,Annecy-le-Vieux
863,Felipa,McConachie,fmcconachieny@webmd.com,Female,Occupational Therapist,12408,4897,Jetwire,Sokolov
864,Velma,Quinby,vquinbynz@oakley.com,Female,Information Systems Manager,6725,4835,Flashdog,Boavista
865,Archibold,Greenhill,agreenhillo0@smh.com.au,Male,Editor,9837,4545,Quamba,Dongxing
866,Olly,Arnatt,oarnatto1@goo.ne.jp,Genderfluid,Sales Associate,18908,4153,Jayo,Seattle
867,Base,Blackah,bblackaho2@domainmarket.com,Male,Programmer III,18241,4524,Meemm,Kiraman
868,Allyson,Cano,acanoo3@4shared.com,Female,Programmer IV,24442,4630,Skaboo,Babakanlapang
869,Zaccaria,Passmore,zpassmoreo4@list-manage.com,Male,General Manager,15525,4963,Blogpad,Atuntaqui
870,Carolee,Abthorpe,cabthorpeo5@digg.com,Female,Human Resources Assistant IV,20206,4650,Eabox,Guariba
871,Othilia,Karppi,okarppio6@google.com.hk,Female,Civil Engineer,15553,4347,Oyoloo,Manggissari
872,Stanly,Kivlehan,skivlehano7@apache.org,Male,Editor,20102,4593,Thoughtworks,Nový Hrozenkov
873,Nedda,Boig,nboigo8@mapquest.com,Female,Teacher,22484,4102,Twitterbeat,Saint-Augustin-de-Desmaures
874,Bendick,March,bmarcho9@umn.edu,Male,Senior Cost Accountant,11239,4375,Pixope,Wilkowice
875,Mersey,Moran,mmoranoa@skyrock.com,Female,Senior Financial Analyst,27101,4782,Quatz,Curumaní
876,Gerard,Joddins,gjoddinsob@unesco.org,Bigender,Design Engineer,28026,4557,Oyoloo,Pechenizhyn
877,Catha,MacCombe,cmaccombeoc@mozilla.com,Female,Research Nurse,23433,4889,Tekfly,Xilu
878,Dean,Arnault,darnaultod@diigo.com,Male,Mechanical Systems Engineer,18503,4317,Divavu,Portela
879,Nathanial,Klauber,nklauberoe@redcross.org,Male,Social Worker,12537,4922,Youfeed,San Buenaventura
880,Tarrah,Husk,thuskof@cnn.com,Female,Senior Developer,17991,4091,Agimba,Lota
881,Sofie,Slograve,sslograveog@cmu.edu,Female,Information Systems Manager,18786,4088,Teklist,Qingtaiping
882,Kale,Biner,kbineroh@opensource.org,Male,Staff Scientist,23901,4586,Brainbox,Thị Trấn Mộc Châu
883,Isidro,De Filippis,idefilippisoi@hao123.com,Male,Junior Executive,9059,4205,Riffpath,Rabah
884,Peggi,Brine,pbrineoj@geocities.jp,Female,Help Desk Operator,12669,4786,Bubbletube,Korczyna
885,Kara-lynn,Whitwam,kwhitwamok@netscape.com,Female,Business Systems Development Analyst,10485,4385,Jabberstorm,Chicago
886,Devinne,Malham,dmalhamol@fotki.com,Female,Quality Engineer,29172,4498,Fanoodle,Lugang
887,Elyn,Lerner,elernerom@tinypic.com,Female,Graphic Designer,6011,4316,Dabfeed,Taganak
888,Ingrid,Edlestone,iedlestoneon@bandcamp.com,Female,Human Resources Manager,6456,4269,Riffwire,Trzcińsko Zdrój
889,Hilda,Partleton,hpartletonoo@issuu.com,Female,Chemical Engineer,23655,4073,Topicblab,Badāmā
890,Stanislas,Eberz,seberzop@t.co,Male,Electrical Engineer,13065,4868,Pixonyx,Masinloc
891,Dyann,Wasbey,dwasbeyoq@nps.gov,Female,Civil Engineer,28089,4722,Wordify,Brataj
892,Rois,Gronaller,rgronalleror@mit.edu,Female,Geological Engineer,2005,4717,Skynoodle,Dayingjie
893,Gherardo,Rainton,graintonos@timesonline.co.uk,Male,Speech Pathologist,18335,4588,Flashspan,Čeladná
894,Ulick,Hollow,uhollowot@ucsd.edu,Male,Nurse,2701,4041,Demizz,Walenrang
895,Aili,Blurton,ablurtonou@odnoklassniki.ru,Female,Geological Engineer,16336,4903,Izio,Ifakara
896,Ortensia,Scoble,oscobleov@pbs.org,Polygender,Quality Control Specialist,23655,4533,Realmix,Pasarkuok
897,Rickert,Cannaway,rcannawayow@skype.com,Male,Tax Accountant,6030,4825,Digitube,São Joaquim
898,Mayor,Dannell,mdannellox@printfriendly.com,Male,GIS Technical Architect,29580,4598,Gabcube,Tayturka
899,Marylou,Bristo,mbristooy@google.ca,Female,VP Quality Control,21322,4115,Topicblab,Nangerang
900,Katie,Donoghue,kdonoghueoz@t-online.de,Female,Safety Technician IV,29062,4888,Dynazzy,Pasarbaru
901,Nicolle,Avramchik,navramchikp0@tinypic.com,Female,Graphic Designer,10773,4001,Trunyx,Linköping
902,Barbabas,Crankshaw,bcrankshawp1@webs.com,Male,Programmer Analyst I,21572,4934,Voomm,Ruzhany
903,Christabella,Stenton,cstentonp2@mtv.com,Female,Executive Secretary,26694,4442,Blogtag,Xinshui
904,Venus,Seeley,vseeleyp3@unc.edu,Female,Civil Engineer,27308,4049,Ailane,Łużna
905,Sherwynd,Dundon,sdundonp4@wikispaces.com,Non-binary,Safety Technician IV,21851,4483,Shuffletag,Avarua
906,Brandyn,Grennan,bgrennanp5@zimbio.com,Male,Project Manager,23457,4580,Jetpulse,Massy
907,Berky,Jackling,bjacklingp6@clickbank.net,Male,Nurse,13726,4495,Skipfire,Donglinxi
908,Tammie,Rintoul,trintoulp7@mit.edu,Male,Programmer I,6513,4332,Browseblab,Dobra
909,Celia,Colwill,ccolwillp8@noaa.gov,Female,Software Engineer III,24870,4682,Fiveclub,Reiko
910,Katharina,Bousquet,kbousquetp9@omniture.com,Female,Developer IV,2362,4502,Tavu,Patía
911,Michail,Bolens,mbolenspa@wp.com,Male,Quality Control Specialist,13885,4013,Mudo,Teknāf
912,Rufe,Bampford,rbampfordpb@nbcnews.com,Male,Cost Accountant,18111,4102,Trudeo,Kailahun
913,Austin,Fransinelli,afransinellipc@engadget.com,Male,Web Designer III,13737,4713,Skyndu,Alderetes
914,Cathlene,Leemans,cleemanspd@dot.gov,Polygender,Paralegal,8369,4034,Yotz,Koroška Bela
915,Cathe,Barmby,cbarmbype@tiny.cc,Female,Account Coordinator,19620,5000,Gabspot,Baião
916,Di,Stockport,dstockportpf@accuweather.com,Female,Nurse Practicioner,22182,4577,Twitterwire,Abejorral
917,Osbourn,Stranieri,ostranieripg@theglobeandmail.com,Male,Research Assistant I,8474,4086,Yambee,Montpellier
918,Hatti,Woodwind,hwoodwindph@phpbb.com,Female,Librarian,17723,4299,Tagfeed,Nanpu
919,Legra,Bossom,lbossompi@amazon.com,Female,Graphic Designer,8640,4699,Brainbox,Caratinga
920,Benjamin,Needs,bneedspj@reuters.com,Bigender,Project Manager,28772,4980,Fadeo,Joutseno
921,Tim,Patrick,tpatrickpk@desdev.cn,Bigender,Human Resources Assistant I,2786,4846,Kwinu,Psebay
922,Morrie,Longo,mlongopl@exblog.jp,Male,Web Developer IV,4389,4116,Kanoodle,Tak Bai
923,Jocelin,Drissell,jdrissellpm@istockphoto.com,Female,Teacher,4541,4690,Thoughtsphere,Las Vegas
924,Dedie,Gillum,dgillumpn@sfgate.com,Female,Safety Technician II,14259,4213,Snaptags,Sueyoshichō-ninokata
925,Lyn,Cawston,lcawstonpo@github.com,Female,Nurse,24518,4102,Aibox,Cavinti
926,Olin,Ross,orosspp@gnu.org,Male,Administrative Assistant I,26298,4314,Skimia,Tolú
927,Willi,Caley,wcaleypq@nbcnews.com,Male,Help Desk Technician,19894,4046,Zooxo,Daru
928,Erich,Sleightholm,esleightholmpr@clickbank.net,Male,Software Consultant,22984,4566,Yombu,Machang
929,Humphrey,Leebeter,hleebeterps@qq.com,Male,VP Quality Control,3998,4875,Agivu,Dijon
930,Martino,McTurley,mmcturleypt@github.com,Male,Pharmacist,24578,4493,Divanoodle,Cheremshan
931,Isidore,Spondley,ispondleypu@macromedia.com,Male,Payment Adjustment Coordinator,3852,4139,Ntag,Coroico
932,Carolin,Gelland,cgellandpv@123-reg.co.uk,Female,Account Coordinator,27667,4259,Topiczoom,Santa Fe
933,Izzy,Yaknov,iyaknovpw@ftc.gov,Male,Financial Advisor,15113,4266,Oyondu,Urjala
934,Shelley,McCarroll,smccarrollpx@squarespace.com,Male,Teacher,20183,4985,Tazz,Dali
935,Corri,Ladlow,cladlowpy@artisteer.com,Female,Recruiter,3378,4144,Eare,Staryy Krym
936,Jane,Turbat,jturbatpz@umich.edu,Female,Programmer Analyst I,29878,4681,Feedbug,Shuangmiaojie
937,Fair,Threadgould,fthreadgouldq0@newyorker.com,Male,Dental Hygienist,20130,4223,Browsezoom,Tarragona
938,Kelcey,Marchent,kmarchentq1@histats.com,Female,Professor,21449,4608,Jaxbean,Ujung Gading
939,Sloan,Bugdell,sbugdellq2@merriam-webster.com,Male,Financial Analyst,11393,4079,Meembee,Norrköping
940,Edd,Penner,epennerq3@ebay.co.uk,Male,Geological Engineer,12915,4107,Oyonder,Uchimaru
941,Susanne,Gegay,sgegayq4@sakura.ne.jp,Female,Speech Pathologist,19540,4477,Thoughtstorm,Pinghu
942,Joshuah,Jefferys,jjefferysq5@nyu.edu,Bigender,Data Coordinator,17396,4327,Browsedrive,São João dos Inhamuns
943,Maurice,Bassingham,mbassinghamq6@arizona.edu,Male,Accounting Assistant I,16442,4094,LiveZ,Yuyapichis
944,Koressa,McAdam,kmcadamq7@cornell.edu,Female,Developer IV,5177,4540,Dabtype,Nancheng
945,Norine,Fern,nfernq8@diigo.com,Female,Accountant I,29206,4817,Dazzlesphere,Usevia
946,Hillie,Riccardini,hriccardiniq9@t.co,Male,Quality Control Specialist,10237,4990,Miboo,Annecy
947,Euell,Klesl,ekleslqa@answers.com,Male,VP Marketing,28250,4302,Tekfly,Pathum Rat
948,Bail,Antognelli,bantognelliqb@technorati.com,Male,Software Test Engineer I,20668,4801,Jabbertype,Şuwayr
949,Crin,Merrisson,cmerrissonqc@naver.com,Female,Recruiting Manager,25235,4985,Thoughtstorm,Villa Consuelo
950,Artair,Lowle,alowleqd@cnet.com,Male,Automation Specialist II,20740,4766,Twitterlist,Huotian
951,Curr,Wise,cwiseqe@house.gov,Male,Structural Engineer,10530,4475,Eamia,Mombetsu
952,Lonee,Warbys,lwarbysqf@icq.com,Female,Programmer Analyst II,26335,4914,Yodoo,Shunyi
953,Felix,Goodere,fgoodereqg@ycombinator.com,Male,Director of Sales,16771,4766,Zoozzy,Meshcherino
954,Magdalen,Flecknell,mflecknellqh@spiegel.de,Female,Programmer II,2566,4316,Bluejam,Herrljunga
955,Laney,Lerhinan,llerhinanqi@wunderground.com,Female,Quality Control Specialist,9749,4438,Vitz,Duraznopampa
956,Kingsley,Sexcey,ksexceyqj@diigo.com,Male,Analog Circuit Design manager,24361,4748,Meembee,Hlyboka
957,Carie,Simkins,csimkinsqk@qq.com,Female,Accountant II,27357,4284,Skyvu,Massakory
958,Ford,Dedenham,fdedenhamql@tinypic.com,Male,Civil Engineer,26506,4957,Talane,Beirut
959,Melisse,Gilloran,mgilloranqm@nytimes.com,Female,Marketing Assistant,25337,4030,Riffpedia,Kumai
960,Aloisia,Norwood,anorwoodqn@yelp.com,Female,Financial Analyst,24093,4232,Mydeo,Jiutai
961,Marci,Hadland,mhadlandqo@comsenz.com,Female,Statistician I,3491,4031,Gigashots,Calsib
962,Cacilia,Gonet,cgonetqp@webnode.com,Female,VP Accounting,7249,4088,Quaxo,Cabouco
963,Murvyn,Forgie,mforgieqq@sfgate.com,Male,Professor,7174,4911,Photobug,Dayr as Sūdān
964,Mike,Deane,mdeaneqr@forbes.com,Male,Product Engineer,14420,4232,Voonyx,Ferreñafe
965,Pepillo,Worlidge,pworlidgeqs@abc.net.au,Male,Social Worker,17974,4838,Mycat,Salto
966,Melisent,Jaye,mjayeqt@google.com.hk,Female,Financial Analyst,26415,4465,Trupe,Yangjia
967,Kingston,Humber,khumberqu@nps.gov,Male,Assistant Professor,15314,4260,Eire,Mengenkrajan
968,Wallie,Shynn,wshynnqv@omniture.com,Male,Senior Financial Analyst,25642,4933,Flipstorm,Huangtian
969,Waylen,Ilett,wilettqw@cnet.com,Polygender,Assistant Manager,18985,4680,Kayveo,Jocotán
970,Matias,MacElane,mmacelaneqx@huffingtonpost.com,Male,Design Engineer,28080,4288,Wikivu,Librazhd-Qendër
971,Drake,Danit,ddanitqy@google.com.hk,Male,Marketing Assistant,11814,4674,Roombo,Burhānuddin
972,Mariana,Isted,mistedqz@github.io,Female,Human Resources Manager,14662,4835,Quaxo,Nanganga
973,Madelle,Lamar,mlamarr0@ted.com,Female,Quality Engineer,12295,4065,Trudoo,Pithoro
974,Korey,Argile,kargiler1@craigslist.org,Male,Chemical Engineer,3335,4013,Trilia,Caleta Olivia
975,Fairfax,Ladon,fladonr2@deviantart.com,Male,Pharmacist,16224,4431,Photofeed,Kurungannyawa
976,Karmen,Burdin,kburdinr3@plala.or.jp,Female,Help Desk Technician,8888,4875,Divape,Malveira
977,Timmi,Riba,tribar4@forbes.com,Bigender,GIS Technical Architect,27676,4363,Skaboo,Arrën
978,Edithe,Balham,ebalhamr5@gravatar.com,Female,Programmer IV,22420,4983,Pixonyx,Changtang
979,Rudie,Sinderland,rsinderlandr6@google.cn,Male,Senior Quality Engineer,19675,4495,Browsebug,Gbarnga
980,Sarajane,Trusler,struslerr7@lycos.com,Female,Administrative Assistant IV,5613,4292,Brainbox,Jianggezhuang
981,Ettore,Cottle,ecottler8@aol.com,Male,Budget/Accounting Analyst II,6651,4973,Gabspot,San Antonio
982,Nari,Okey,nokeyr9@intel.com,Female,Paralegal,10745,4319,Minyx,Rio do Sul
983,Brynna,Lensch,blenschra@intel.com,Female,Analyst Programmer,17374,4679,Avavee,Kristianstad
984,Rancell,MacBarron,rmacbarronrb@yandex.ru,Male,Editor,12577,4627,Gigashots,Ébolowa
985,Georgena,Mattei,gmatteirc@wikimedia.org,Female,Compensation Analyst,25059,4517,Dabvine,Bayḩān
986,Alaine,Walenta,awalentard@sakura.ne.jp,Bigender,Safety Technician II,3374,4612,Feedfish,Basarabeasca
987,Archie,Havis,ahavisre@nymag.com,Male,Director of Sales,3952,4333,Yodel,Tagta
988,Ty,Bichener,tbichenerrf@ca.gov,Male,Sales Associate,19380,4789,Meetz,Dalam
989,Oates,Goodredge,ogoodredgerg@shareasale.com,Male,Occupational Therapist,16052,4753,Shuffletag,Miaofengshan
990,Eberhard,Pitone,epitonerh@auda.org.au,Male,Cost Accountant,4641,4432,Photospace,Gubat
991,Godfree,Kull,gkullri@rambler.ru,Male,Analyst Programmer,10540,4365,Youopia,Cinyumput
992,Flori,Dunthorn,fdunthornrj@edublogs.org,Female,Financial Analyst,10843,4683,Trudeo,Belovo
993,Alberta,Matveichev,amatveichevrk@unesco.org,Female,Librarian,6215,4181,Gigaclub,Serra
994,Dolph,Meah,dmeahrl@netscape.com,Male,Sales Representative,21705,4806,Jaloo,Dake
995,Yolane,Paydon,ypaydonrm@cbsnews.com,Female,Financial Analyst,22764,4911,Browsezoom,Béré
996,Cybill,Kearley,ckearleyrn@baidu.com,Female,Account Representative I,21665,4472,Talane,Lephalale
997,Maude,Hanlon,mhanlonro@spotify.com,Female,Nurse Practicioner,12850,4859,Browsedrive,Cikuya
998,Jeff,Curwood,jcurwoodrp@angelfire.com,Male,Structural Analysis Engineer,23897,4179,Meetz,København
999,Nev,Labone,nlabonerq@si.edu,Male,Environmental Specialist,4813,4559,Eare,Doksy
1000,Noella,De Bruyne,ndebruynerr@craigslist.org,Female,Legal Assistant,17771,4016,Muxo,Aimin
